timestamp,best_bid,best_ask
51.003,,
52.618,,100.000000
113.038,99.940000,100.000000
129.316,99.960000,100.000000
150.392,99.940000,100.000000
190.544,99.940000,100.000000
207.626,99.940000,100.000000
216.502,99.950000,100.000000
266.892,99.950000,100.000000
359.42,99.950000,100.000000
371.268,99.970000,100.000000
378.977,99.970000,100.000000
422.774,99.970000,100.000000
521.475,99.970000,100.000000
799.089,99.970000,100.000000
814.608,99.970000,100.000000
968.364,99.960000,100.000000
1017.45,99.960000,100.000000
1055.23,99.960000,100.000000
1069.01,99.960000,99.990000
1140.49,99.960000,99.990000
1155.89,99.960000,100.000000
1218.3,99.960000,100.000000
1238.93,99.960000,100.000000
1242.42,99.990000,100.000000
1254.47,99.990000,100.000000
1308.26,99.990000,100.000000
1373.4,99.990000,100.000000
1389.72,99.990000,100.000000
1751.71,99.990000,100.000000
1784.95,99.990000,100.000000
1915.49,99.990000,100.000000
1969.7,99.990000,100.000000
1972.28,99.990000,100.000000
1975.83,99.990000,100.010000
1977.85,99.990000,100.010000
2033.24,99.990000,100.010000
2165.51,99.990000,100.010000
2300.86,99.990000,100.010000
2348.15,99.990000,100.010000
2458.39,99.990000,100.010000
2508.68,99.990000,100.010000
2703.77,99.990000,100.010000
2747.45,99.980000,99.990000
2761.8,99.960000,99.990000
2770.2,99.960000,99.990000
2903.74,99.960000,99.990000
2988.55,99.960000,99.990000
3088.43,99.960000,99.990000
3108.54,99.960000,99.980000
3137.21,99.960000,99.980000
3137.3,99.960000,99.980000
3156.13,99.960000,99.980000
3181.88,99.960000,99.980000
3191.43,99.960000,99.980000
3268.47,99.960000,99.980000
3384.19,99.960000,99.980000
3389.09,99.960000,99.980000
3483.86,99.960000,99.980000
3517.96,99.960000,99.980000
3523.59,99.960000,99.980000
3537.93,99.960000,99.980000
3648.94,99.960000,99.980000
3663.14,99.960000,99.980000
3667.17,99.960000,99.980000
3680.32,99.960000,99.980000
3707.2,99.960000,99.980000
3739.6,99.960000,99.980000
3808.43,99.960000,99.980000
3863.69,99.960000,99.980000
3908.5,99.960000,99.980000
3918.53,99.960000,99.980000
3934.83,99.960000,99.980000
3987.57,99.960000,99.980000
4029.08,99.960000,99.980000
4097.98,99.960000,99.980000
4154.54,99.960000,99.980000
4168.45,99.960000,99.980000
4196.41,99.960000,99.980000
4257.84,99.990000,99.990000
4296.47,99.990000,99.990000
4385.28,99.990000,99.990000
4409.1,99.990000,99.990000
4429.9,99.990000,99.990000
4455.98,99.990000,99.990000
4460.87,99.990000,99.990000
4498.72,99.990000,99.990000
4562.6,99.990000,99.990000
4629.68,99.990000,99.990000
4647.68,99.990000,99.990000
4654.43,99.990000,99.990000
4822.76,99.990000,99.990000
4865.79,99.960000,99.990000
4892.69,99.960000,99.990000
4937.09,99.990000,99.990000
4952.46,99.990000,99.990000
5010.92,99.990000,99.990000
5109.09,99.990000,99.990000
5244.74,99.990000,99.990000
5286.85,99.990000,99.990000
5429.8,99.960000,99.990000
5442.8,99.960000,99.990000
5495.51,99.960000,99.990000
5514.87,99.970000,99.990000
5545.2,99.970000,99.990000
5766.84,99.970000,99.990000
5815.94,99.970000,99.990000
5875.84,99.970000,99.990000
5915.86,99.970000,99.990000
6005.1,99.970000,99.990000
6029.29,99.970000,99.990000
6165.38,99.980000,99.990000
6506.11,99.980000,99.990000
6529.79,99.980000,99.990000
6556.23,99.980000,99.990000
6642.18,99.980000,99.990000
6647.47,99.980000,99.990000
6696.28,99.980000,99.990000
6715.32,99.980000,99.990000
6720.5,99.980000,99.990000
6743.99,99.980000,99.990000
6748.1,99.980000,99.990000
6762.84,99.980000,99.990000
6784.04,99.980000,99.990000
6817.05,99.980000,99.990000
6874.93,99.980000,99.990000
6955.89,99.980000,99.990000
7047,99.980000,99.990000
7090.33,99.980000,99.990000
7099.98,99.980000,99.990000
7187.04,99.980000,99.990000
7382.5,99.980000,99.990000
7389.1,99.970000,99.990000
7512.5,99.970000,99.990000
7518.7,99.980000,99.990000
7574.21,99.980000,99.990000
7663.91,99.980000,99.990000
7693.32,99.980000,99.990000
7883.8,99.980000,99.990000
7935.12,99.990000,99.990000
8023.66,99.990000,100.000000
8101.37,99.990000,100.000000
8202.04,99.990000,100.000000
8217.46,99.990000,100.000000
8253.45,99.990000,100.000000
8284.08,99.990000,100.000000
8346.39,99.990000,100.000000
8395.34,99.990000,100.000000
8423.47,99.990000,100.000000
8435.57,99.990000,100.000000
8454.31,99.990000,100.000000
8498.46,99.970000,99.980000
8501.1,99.970000,99.980000
8513.8,99.970000,99.980000
8596.11,99.970000,99.980000
8612.07,99.970000,99.980000
8665.62,99.970000,99.980000
8689.22,99.970000,99.980000
8697.67,99.970000,99.980000
8726.84,99.970000,99.980000
8783.58,99.970000,99.980000
8783.97,99.970000,99.980000
8818.36,99.970000,99.980000
8859.27,99.970000,99.980000
8901.86,99.970000,99.980000
8960.36,99.970000,99.980000
8964.45,99.970000,99.980000
9014.6,99.970000,99.980000
9098.98,99.990000,99.990000
9170.39,99.990000,99.990000
9241.72,99.990000,99.990000
9257.77,99.990000,99.990000
9346.87,99.990000,99.990000
9425.34,99.990000,99.990000
9460.13,99.990000,99.990000
9522.78,99.990000,99.990000
9545.4,99.990000,99.990000
9597.5,99.970000,99.990000
9661.82,99.970000,99.990000
9833.45,99.970000,99.990000
9874.38,99.970000,99.990000
9932.2,99.970000,99.990000
9942.14,99.970000,99.990000
9946.16,99.970000,99.990000
10000.4,99.970000,99.990000
10049.4,99.990000,99.990000
10224,99.970000,99.990000
10392.5,99.970000,99.990000
10421.6,99.970000,99.990000
10432.7,99.970000,99.990000
10568.8,99.970000,99.990000
10715.1,99.970000,99.990000
10738.6,99.970000,99.990000
10746,99.970000,100.000000
10746.2,99.970000,100.000000
10783.7,99.970000,100.000000
10832.5,99.970000,100.000000
10875.3,99.970000,100.000000
10885.7,99.980000,100.000000
10962.8,99.980000,100.000000
11028.9,99.980000,100.000000
11068.3,99.980000,100.000000
11078.4,99.980000,100.000000
11103.8,99.980000,100.000000
11179.7,99.980000,100.000000
11208.7,99.980000,100.000000
11245.3,99.980000,100.000000
11284.7,99.980000,100.000000
11330.9,99.980000,100.000000
11411.6,99.980000,100.010000
11413.4,99.980000,100.010000
11459.8,99.980000,100.010000
11497.5,99.980000,100.010000
11538.8,99.980000,100.010000
11868.4,99.980000,100.010000
11885.5,99.980000,100.010000
11921.1,99.980000,100.010000
11963.5,99.980000,100.010000
12036.8,99.980000,100.010000
12068.2,99.980000,100.010000
12112.5,99.980000,100.010000
12132,99.980000,100.010000
12172,99.980000,100.010000
12215.4,99.980000,100.010000
12288.3,99.980000,100.010000
12346,100.000000,100.010000
12379.1,100.000000,100.010000
12477.7,100.000000,100.010000
12484.2,100.000000,100.010000
12648.7,100.000000,100.010000
12924.4,100.000000,100.010000
12954.9,100.000000,100.010000
13047.4,100.000000,100.010000
13073.2,100.000000,100.010000
13090.3,100.000000,100.010000
13111,100.000000,100.010000
13118.4,100.000000,100.010000
13143.3,100.000000,100.010000
13184.7,100.000000,100.010000
13242.9,100.000000,100.010000
13306.8,100.000000,100.010000
13454.8,99.980000,100.010000
13513.5,99.980000,100.010000
13567.7,99.980000,100.010000
13589.6,99.980000,100.010000
13602.3,99.980000,100.010000
13643.4,99.980000,100.010000
13668.5,99.980000,100.010000
13697.7,100.000000,100.010000
13713.6,100.000000,100.010000
13716.3,100.000000,100.010000
13742.4,100.000000,100.010000
13745.4,100.000000,100.010000
13747.3,100.000000,100.010000
13885.3,100.000000,100.010000
14089,100.000000,100.010000
14184.2,100.000000,100.010000
14199.1,100.000000,100.010000
14208.7,100.000000,100.010000
14228.3,100.000000,100.010000
14228.8,100.000000,100.010000
14254.8,100.000000,100.010000
14267.3,100.000000,100.010000
14307.1,100.000000,100.010000
14344.4,100.000000,100.010000
14384.1,100.000000,100.010000
14390.3,100.000000,100.010000
14420.5,100.000000,100.010000
14484.7,100.000000,100.010000
14505.8,100.000000,100.010000
14578.4,100.000000,100.010000
14602.1,100.000000,100.010000
14639.7,100.000000,100.010000
14703.2,100.000000,100.010000
14841.8,100.000000,100.010000
14979.4,100.000000,100.010000
15046.9,100.000000,100.010000
15131.5,100.000000,100.010000
15235.9,100.000000,100.010000
15302.4,100.000000,100.010000
15326.4,100.000000,100.010000
15365,100.000000,100.010000
15405.7,100.000000,100.010000
15421.3,100.000000,100.010000
15462.3,100.000000,100.010000
15508.6,100.000000,100.010000
15546.8,100.000000,100.010000
15745.8,100.000000,100.010000
15758.3,100.000000,100.010000
15766.5,100.000000,100.010000
15824.3,100.000000,100.010000
15903.5,100.000000,100.010000
15954.8,100.000000,100.010000
15963,100.000000,100.010000
15996,100.000000,100.010000
16033.7,100.000000,100.010000
16115.8,100.000000,100.010000
16130.3,100.000000,100.010000
16144.2,99.990000,100.010000
16170.2,99.990000,100.010000
16246.9,99.990000,100.010000
16262.8,99.990000,100.010000
16325.1,99.990000,100.010000
16381.6,99.990000,100.010000
16385.7,99.990000,100.000000
16406.5,99.980000,100.000000
16436.5,99.980000,100.000000
16460.4,99.980000,100.000000
16527.7,99.980000,100.000000
16534.8,99.970000,100.000000
16556.6,99.970000,99.990000
16621.1,99.970000,99.990000
16639.1,99.970000,99.990000
16672.2,99.970000,100.000000
16683,99.970000,100.000000
16764.5,99.970000,100.000000
16911.7,99.970000,99.990000
16971,99.970000,99.990000
17105.5,99.970000,99.990000
17167.1,99.970000,99.990000
17185.2,99.970000,99.990000
17220.5,99.970000,99.990000
17259,99.970000,99.980000
17268.1,99.970000,99.990000
17273.7,99.970000,99.990000
17286.2,99.970000,99.990000
17590,99.960000,99.990000
17611,99.960000,99.990000
17613.2,99.960000,99.990000
17693.7,99.960000,100.000000
17724.7,99.960000,100.000000
17791.6,99.960000,100.000000
17861.4,99.960000,100.000000
17872.3,99.960000,100.000000
17896.9,99.960000,99.970000
17958.2,99.960000,99.970000
17981.5,99.960000,99.970000
18032,99.960000,99.970000
18062,99.960000,99.970000
18103.2,99.960000,99.970000
18112.3,99.960000,99.970000
18154,99.960000,99.970000
18240.5,99.960000,99.970000
18604.6,99.960000,99.970000
18687.9,99.960000,99.970000
18764.7,99.960000,99.970000
18773.9,99.960000,99.970000
18938.4,99.960000,99.970000
19039,99.960000,99.970000
19072.6,99.960000,99.970000
19141.9,99.960000,99.970000
19235.8,99.960000,99.970000
19255.3,99.960000,99.970000
19359.9,99.960000,99.970000
19385.1,99.960000,99.970000
19389.2,99.960000,99.970000
19395.6,99.960000,99.970000
19477.6,99.960000,99.970000
19581.4,99.960000,99.970000
19590.3,99.960000,99.970000
19688.6,99.960000,99.970000
19766.9,99.960000,99.970000
19783.7,99.960000,99.970000
19819.3,99.960000,99.970000
19853.9,99.960000,99.970000
19911.3,99.960000,99.970000
19946.1,99.960000,99.970000
19962.3,99.960000,99.970000
19987.1,99.960000,99.970000
20001.1,99.960000,99.970000
20068.6,99.960000,99.970000
20132.4,99.960000,99.970000
20241.2,99.960000,99.970000
20425.7,99.960000,99.970000
20499.9,99.960000,99.970000
20524.1,99.960000,99.970000
20591.5,99.960000,99.970000
20595.6,99.960000,99.970000
20612.2,99.960000,99.970000
20660.9,99.960000,99.970000
20776.3,99.960000,99.970000
20776.8,99.960000,99.970000
20788.2,99.960000,99.970000
20848.6,99.960000,99.970000
21015.1,99.960000,99.970000
21081.6,99.960000,99.970000
21125.5,99.960000,99.970000
21292.6,99.960000,99.970000
21350.5,99.960000,99.970000
21523.3,99.960000,99.970000
21592.2,99.960000,99.970000
21643.9,99.960000,99.970000
21648.8,99.960000,99.970000
21713.2,99.960000,99.970000
21729.3,99.960000,99.970000
21746.8,99.960000,99.970000
21757.9,99.960000,99.970000
21797.2,99.960000,99.970000
21816.4,99.960000,99.970000
22208.3,99.960000,99.970000
22275.1,99.960000,99.970000
22513.8,99.960000,99.970000
22558.5,99.960000,99.970000
22779.7,99.960000,99.970000
22780.7,99.960000,99.970000
22790.5,99.960000,99.970000
22798.1,99.960000,99.970000
22803.4,99.960000,99.970000
22976.7,99.960000,99.970000
23035,99.960000,99.970000
23293.2,99.960000,99.970000
23344.3,99.960000,99.970000
23546.2,99.950000,99.970000
23546.8,99.950000,99.970000
23549.3,99.950000,99.970000
23588.7,99.950000,99.970000
23618.8,99.950000,99.960000
23684.6,99.950000,99.960000
23731.3,99.950000,99.960000
23861.2,99.950000,99.960000
23901.1,99.950000,99.960000
23933.8,99.950000,99.970000
23940,99.950000,99.970000
23964.5,99.950000,99.970000
23977.3,99.950000,99.960000
24059.9,99.950000,99.960000
24098.2,99.950000,99.960000
24194.4,99.950000,99.960000
24402.3,99.950000,99.970000
24417.2,99.950000,99.980000
24514.3,99.950000,99.980000
24590.4,99.950000,99.980000
24757.8,99.950000,99.980000
24778.9,99.950000,99.980000
24795,99.950000,99.980000
24808.6,99.950000,99.980000
24842.4,99.950000,99.980000
24916.8,99.950000,99.980000
25039.1,99.950000,99.960000
25047.8,99.950000,99.960000
25172.8,99.950000,99.960000
25179.4,99.950000,99.960000
25188.4,99.950000,99.960000
25355.9,99.950000,99.960000
25356.9,99.950000,99.960000
25500.1,99.950000,99.960000
25531.6,99.950000,99.960000
25576.6,99.950000,99.960000
25596.3,99.950000,99.960000
25632.7,99.950000,99.960000
25689.8,99.950000,99.960000
25714.3,99.950000,99.960000
25746.6,99.950000,99.960000
25753.5,99.950000,99.960000
25766.1,99.950000,99.960000
25797.3,99.950000,99.960000
25845.7,99.950000,99.960000
25848.5,99.950000,99.960000
25890.6,99.950000,99.970000
25940.5,99.950000,99.970000
25949.7,99.950000,99.970000
25999.9,99.950000,99.970000
26019.4,99.950000,99.970000
26054.3,99.950000,99.970000
26091.5,99.950000,99.970000
26239.4,99.950000,99.970000
26301.5,99.950000,99.970000
26346.5,99.950000,99.970000
26370.5,99.950000,99.970000
26388.4,99.950000,99.970000
26477.2,99.950000,99.980000
26552.4,99.950000,99.980000
26673,99.970000,99.980000
26681.1,99.970000,99.980000
26905.1,99.970000,99.980000
26923.8,99.970000,99.980000
26933.2,99.970000,99.980000
26954.1,99.970000,99.980000
26986.7,99.970000,99.980000
27129.4,99.970000,99.990000
27139.4,99.970000,99.990000
27172.9,99.970000,99.990000
27233.9,99.950000,99.990000
27294.2,99.950000,99.990000
27318.5,99.950000,99.990000
27350.2,99.950000,99.990000
27525.7,99.950000,99.990000
27530.3,99.970000,99.990000
27570.2,99.970000,99.990000
27611.5,99.970000,99.990000
27641.8,99.970000,99.990000
27695.6,99.970000,99.990000
27719,99.970000,99.990000
27745.3,99.970000,99.990000
27821.3,99.970000,99.990000
27912.2,99.970000,99.990000
27950,99.970000,99.990000
27959.7,99.970000,99.990000
28066.9,99.980000,99.990000
28092.2,99.980000,99.990000
28161.2,99.980000,99.990000
28210.1,99.980000,99.990000
28260.8,99.980000,99.990000
28322.7,99.980000,99.990000
28325.6,99.980000,99.990000
28364.6,99.980000,99.990000
28441.3,99.970000,99.990000
28518.9,99.970000,99.990000
28620.4,99.970000,99.990000
28690.8,99.970000,99.990000
28748.2,99.970000,99.990000
28763.5,99.970000,99.990000
28765.5,99.970000,99.990000
28843.6,99.980000,99.990000
29000.9,99.980000,99.990000
29022.4,99.980000,99.990000
29092.1,99.980000,99.990000
29143.5,99.980000,99.990000
29182.4,99.980000,99.990000
29211.8,99.980000,99.990000
29221,99.980000,99.990000
29278.8,99.980000,99.990000
29282.6,99.980000,99.990000
29286.4,99.980000,100.000000
29310.9,99.980000,100.000000
29362.2,99.980000,100.000000
29493.8,99.980000,100.000000
29547.8,99.980000,100.000000
29587.3,99.980000,100.000000
29627,99.980000,100.000000
29745,99.980000,100.000000
29755,99.980000,100.000000
29758.5,99.980000,100.000000
29811.7,99.980000,100.000000
29859.6,99.980000,100.000000
29859.9,99.980000,100.000000
29916.8,99.980000,100.000000
29926.5,99.980000,100.000000
29941.7,99.980000,100.000000
30025.5,99.980000,100.000000
30137.7,99.980000,100.000000
30182.2,99.980000,100.000000
30204.8,99.970000,100.000000
30240.9,99.970000,100.000000
30263.1,99.970000,100.000000
30299.6,99.970000,100.000000
30472.4,99.970000,100.000000
30525.4,99.970000,100.000000
30547.2,99.970000,100.000000
30554.7,99.970000,100.000000
30565,99.970000,100.010000
30621.3,99.970000,100.010000
30628.1,99.990000,100.010000
30636,99.990000,100.010000
30701.1,99.990000,100.010000
30734,99.990000,100.010000
30787.9,99.990000,100.010000
30800.9,99.990000,100.010000
30809,99.990000,100.010000
30841.9,99.990000,100.010000
30865.1,99.990000,100.010000
30909.5,99.990000,100.010000
30948.8,99.990000,100.010000
30972.3,99.990000,100.010000
30987.4,99.990000,100.010000
30998.8,99.990000,100.010000
31041.9,99.990000,100.010000
31071.5,99.990000,100.010000
31152.2,99.990000,100.010000
31164.7,99.990000,100.010000
31181.6,99.990000,100.010000
31192.9,99.990000,100.010000
31240.6,99.990000,100.010000
31296,99.990000,100.010000
31419.2,99.990000,100.010000
31552,99.990000,100.010000
31721.2,100.000000,100.010000
31752,100.000000,100.010000
31764.5,100.000000,100.010000
31824.8,100.000000,100.010000
31865.2,100.000000,100.010000
31933.8,100.000000,100.010000
31946.8,100.000000,100.010000
31950.9,100.000000,100.010000
31983.8,100.000000,100.010000
32107.7,100.000000,100.010000
32142.6,100.000000,100.010000
32143,100.000000,100.010000
32153.4,100.000000,100.010000
32180.9,100.000000,100.010000
32374.8,100.000000,100.010000
32471.8,100.000000,100.010000
32499.1,100.000000,100.010000
32524.5,100.000000,100.010000
32574.2,100.000000,100.010000
32595.3,100.000000,100.010000
32647.8,100.000000,100.010000
32722.3,100.000000,100.010000
32731.5,100.000000,100.010000
32735.6,100.000000,100.010000
32760.8,100.010000,100.020000
32857.1,100.010000,100.020000
32866.2,100.010000,100.020000
32867.5,100.010000,100.020000
33001.6,100.010000,100.020000
33039,100.010000,100.020000
33138.9,100.010000,100.020000
33183.6,100.010000,100.020000
33222.3,100.010000,100.020000
33222.4,100.010000,100.020000
33222.8,100.010000,100.020000
33329.7,100.010000,100.020000
33342.2,100.010000,100.020000
33401.4,100.010000,100.020000
33404.9,100.010000,100.020000
33465.2,100.000000,100.020000
33471.9,100.000000,100.020000
33490.6,100.000000,100.020000
33583.3,100.000000,100.020000
33696.3,100.010000,100.020000
33770.1,100.010000,100.020000
33806.9,100.010000,100.020000
33846.8,100.010000,100.020000
33901.7,100.010000,100.020000
33908.1,100.010000,100.020000
33931.3,100.010000,100.020000
34221.3,100.010000,100.020000
34299.7,100.010000,100.020000
34381.6,100.010000,100.020000
34396,100.010000,100.020000
34437.8,100.010000,100.020000
34536.3,100.010000,100.020000
34566.6,100.010000,100.020000
34615,100.010000,100.020000
34649.4,100.010000,100.020000
34686.4,100.010000,100.020000
34719.7,100.010000,100.020000
34780.1,100.010000,100.020000
34890.3,100.010000,100.020000
34917.2,100.000000,100.020000
34927.7,100.000000,100.020000
34996.3,100.000000,100.020000
35074.9,100.000000,100.020000
35210.4,100.000000,100.020000
35230,100.000000,100.020000
35260.1,100.000000,100.020000
35511.2,100.000000,100.020000
35527.3,100.000000,100.020000
35542.7,100.000000,100.020000
35667.7,100.000000,100.020000
35786.8,100.000000,100.020000
35862.6,99.990000,100.020000
35964.5,99.990000,100.020000
35983.7,99.990000,100.020000
36280.7,99.990000,100.020000
36285,99.990000,100.020000
36344.9,99.990000,100.020000
36386,99.990000,100.020000
36429,99.990000,100.020000
36430.2,99.990000,100.000000
36438.1,99.990000,100.000000
36439.2,99.990000,100.000000
36504.7,99.990000,100.000000
36507.8,99.990000,100.000000
36603.3,99.990000,100.000000
36616.5,99.990000,100.000000
36627.5,99.990000,100.000000
36661.2,99.990000,100.020000
36679.2,99.990000,100.020000
36687.4,99.990000,100.000000
36700.3,99.990000,100.020000
36707.4,99.990000,100.020000
36765.7,99.990000,100.020000
36807.3,99.990000,100.020000
36817.5,99.990000,100.020000
36844,99.990000,100.020000
36889.4,99.990000,100.020000
36935.8,99.990000,100.020000
36948.6,99.980000,100.020000
36959.9,99.980000,100.020000
37018.1,99.980000,100.020000
37105.1,99.980000,99.990000
37156.4,99.980000,99.990000
37197.2,99.980000,99.990000
37214.6,99.980000,99.990000
37224.5,99.980000,99.990000
37338,99.980000,99.990000
37400.1,99.980000,99.990000
37404.6,99.980000,99.990000
37444.5,99.980000,99.990000
37546.1,99.980000,99.990000
37595.3,99.980000,99.990000
37677.7,99.980000,99.990000
37681.8,99.980000,99.990000
37769.1,99.980000,99.990000
37865.2,99.980000,100.020000
37919.3,99.980000,100.020000
37992.4,99.980000,100.020000
37999,99.980000,100.010000
38002,99.970000,99.980000
38021,99.970000,99.980000
38055.4,99.970000,99.980000
38061.7,99.970000,99.980000
38064,99.970000,99.980000
38142.1,99.970000,99.990000
38190,99.970000,99.980000
38222.1,99.970000,99.980000
38242.5,99.970000,99.980000
38299.2,99.970000,99.980000
38323.9,99.970000,99.980000
38325.5,99.970000,99.980000
38337.7,99.970000,99.980000
38460,99.970000,100.020000
38493,99.970000,100.020000
38530,99.970000,100.020000
38561.4,99.970000,100.000000
38580.1,99.970000,100.000000
38635.7,99.970000,100.000000
38641.1,99.970000,100.000000
38659.8,99.970000,100.000000
38664.3,99.970000,100.000000
38693.8,99.970000,100.000000
38697.9,99.960000,100.000000
38703,99.960000,100.000000
38713.1,99.960000,100.000000
38745.4,99.960000,100.000000
38752.2,99.960000,100.000000
38830.8,99.960000,100.000000
39013.1,99.960000,99.970000
39041.7,99.960000,99.970000
39175.2,99.960000,99.970000
39180.4,99.960000,99.970000
39225.7,99.960000,99.970000
39233.2,99.960000,99.970000
39281,99.960000,99.970000
39337.9,99.960000,99.970000
39432,99.960000,99.970000
39481.1,99.960000,99.970000
39488.6,99.960000,99.970000
39591.6,99.960000,99.970000
39699.7,99.960000,99.970000
39727.3,99.960000,99.970000
39761.8,99.960000,99.970000
39763.5,99.980000,99.990000
39771.2,99.980000,99.990000
39932.6,99.980000,99.990000
39962.9,99.980000,99.990000
39964.7,99.980000,99.990000
39973.9,99.980000,99.990000
40009.2,99.980000,99.990000
40076.8,99.980000,99.990000
40086.4,99.980000,99.990000
40090.8,99.980000,99.990000
40144.9,99.980000,99.990000
40215.3,99.980000,99.990000
40285.1,99.980000,99.990000
40387.2,99.980000,99.990000
40512.1,99.980000,99.990000
40517.3,99.980000,99.990000
40590.9,99.980000,99.990000
40648.7,99.980000,99.990000
40760.9,99.980000,99.990000
40814.3,99.980000,99.990000
40951.9,99.980000,99.990000
41025.4,99.980000,99.990000
41045.6,99.980000,99.990000
41177.5,99.980000,99.990000
41299.4,99.980000,99.990000
41313.8,99.980000,99.990000
41374,99.980000,100.000000
41467,99.980000,100.000000
41603.7,99.980000,100.000000
41765.8,99.980000,100.000000
41937.1,99.980000,100.000000
41965.9,99.980000,100.000000
42044.6,99.980000,100.000000
42065.2,99.980000,100.000000
42206,99.980000,100.000000
42324.8,99.980000,100.010000
42415,99.990000,100.010000
42418.3,99.990000,100.010000
42424.7,99.990000,100.010000
42433.9,99.990000,100.010000
42509.1,99.990000,100.010000
42525.8,99.980000,100.010000
42552.3,99.980000,100.010000
42639.9,99.980000,100.010000
42689.1,99.980000,100.010000
42782,99.980000,100.010000
42802.3,99.980000,100.010000
42915,99.960000,100.010000
42934.7,99.960000,100.010000
42966.6,99.960000,100.010000
42991.1,99.960000,100.020000
42994.2,99.960000,100.020000
43102.9,99.990000,100.020000
43278.5,99.990000,100.020000
43550.5,99.990000,100.020000
43564.7,99.990000,100.020000
43607.3,99.990000,100.020000
43609,99.990000,100.020000
43622.8,99.990000,100.020000
43636.4,99.990000,100.020000
43705.2,99.990000,100.020000
43807.8,99.990000,100.010000
43866.5,99.990000,100.010000
43909.3,99.990000,100.010000
44029.7,99.990000,100.010000
44052.5,99.990000,100.010000
44091.2,99.990000,100.010000
44161.2,99.990000,100.010000
44164,99.990000,100.010000
44201.9,99.990000,100.010000
44393,99.990000,100.010000
44452.7,99.990000,100.010000
44627.3,99.990000,100.010000
44670.5,99.990000,100.010000
44701.2,99.990000,100.010000
44724.4,100.000000,100.010000
44762.7,100.000000,100.020000
44776.3,100.000000,100.020000
44837.7,100.000000,100.020000
44875.9,100.000000,100.020000
44895.2,100.000000,100.020000
44960.4,100.000000,100.010000
44986,100.000000,100.010000
45123.2,100.000000,100.010000
45178.9,100.000000,100.010000
45298.4,100.000000,100.010000
45321.8,99.990000,100.010000
45567.1,99.990000,100.010000
45680.4,99.990000,100.010000
45815.7,99.990000,100.010000
45842.5,99.990000,100.010000
45866.5,99.990000,100.010000
45897.6,99.990000,100.010000
45904.3,99.990000,100.010000
45910.6,99.990000,100.010000
45952.3,99.990000,100.000000
45988.2,99.990000,100.000000
46093.5,99.990000,100.000000
46115.5,99.990000,100.000000
46125.7,99.990000,100.000000
46143.6,99.990000,100.000000
46144.2,99.990000,100.000000
46149.6,99.990000,100.000000
46302,99.990000,100.000000
46360.7,99.990000,100.000000
46422.6,99.990000,100.000000
46429.3,99.990000,100.000000
46440.2,99.990000,100.000000
46440.7,99.990000,100.000000
46462.4,99.990000,100.000000
46471.1,99.990000,100.000000
46508.8,99.990000,100.000000
46519,99.990000,100.000000
46531.9,99.990000,100.000000
46572.6,99.990000,100.000000
46591.3,99.990000,100.000000
46688.5,99.980000,100.000000
46725.5,99.980000,100.000000
46915.3,99.980000,100.000000
46960.5,99.980000,100.010000
47033.1,99.980000,100.010000
47088.1,99.980000,100.010000
47121.7,99.980000,100.010000
47156.2,99.980000,100.010000
47161.2,99.980000,100.010000
47176.4,99.980000,100.010000
47200.6,99.980000,100.010000
47276.1,99.980000,100.010000
47281.9,99.980000,100.010000
47378.3,99.980000,100.010000
47380.6,99.980000,100.010000
47401.7,99.980000,100.010000
47446.6,99.980000,100.010000
47448.5,99.980000,100.010000
47492.9,99.980000,100.010000
47551.6,99.980000,100.010000
47569.4,99.980000,100.010000
47571.8,99.980000,100.010000
47587.8,99.980000,100.010000
47642.2,99.980000,100.000000
47681.9,99.980000,100.000000
47719.9,99.980000,100.000000
47751,99.980000,100.000000
47849.3,99.980000,100.000000
47907.4,99.980000,100.000000
48144.6,99.980000,100.000000
48196.2,99.980000,100.000000
48213.9,99.970000,100.000000
48305.5,99.960000,99.970000
48360.1,99.960000,99.970000
48378.9,99.960000,99.970000
48384.5,99.960000,99.970000
48408,99.960000,99.970000
48484.7,99.960000,99.970000
48602.5,99.960000,99.970000
48621,99.960000,99.970000
48650.2,99.960000,99.970000
48748.3,99.960000,99.970000
48750,99.960000,99.970000
48842,99.960000,99.970000
48877.3,99.960000,99.970000
48878.7,99.960000,99.970000
48928.2,99.960000,99.970000
49001.2,99.960000,99.970000
49033.7,99.960000,99.970000
49043.7,99.960000,99.970000
49048.4,99.960000,99.980000
49206.9,99.960000,99.980000
49338.7,99.960000,99.980000
49437.7,99.960000,99.980000
49464.8,99.960000,99.980000
49508.5,99.960000,99.980000
49691.8,99.950000,99.980000
49696.8,99.950000,99.980000
49699.1,99.950000,99.980000
49714.2,99.950000,99.960000
49752,99.950000,99.960000
49767.3,99.950000,99.960000
49770,99.950000,99.960000
49798.7,99.950000,99.960000
49804.7,99.950000,99.960000
49840.2,99.950000,99.960000
49867.1,99.950000,99.960000
49892.2,99.950000,99.960000
50047.5,99.950000,99.960000
50194.7,99.950000,99.960000
50197.6,99.950000,99.960000
50271.3,99.950000,99.960000
50297,99.950000,99.980000
50379.1,99.950000,99.980000
50408.6,99.950000,99.980000
50431.5,99.950000,99.960000
50487.9,99.950000,99.960000
50519.5,99.950000,99.960000
50533.8,99.950000,99.960000
50569.5,99.950000,99.960000
50613.6,99.950000,99.960000
50623.6,99.950000,99.980000
50667.9,99.950000,99.980000
50736.6,99.950000,99.980000
50742.8,99.950000,99.980000
50807.5,99.950000,99.980000
50812.1,99.950000,99.980000
50813.5,99.950000,99.980000
50824.1,99.950000,99.980000
50940.4,99.950000,99.980000
50951.7,99.950000,99.980000
50997,99.950000,99.980000
51061.4,99.950000,99.980000
51113.7,99.950000,99.980000
51114.7,99.950000,99.980000
51172.5,99.950000,99.980000
51333.2,99.950000,99.980000
51349.8,99.950000,99.980000
51355.1,99.950000,99.980000
51363.7,99.950000,99.980000
51405,99.950000,99.980000
51445.7,99.950000,99.980000
51537.9,99.950000,99.980000
51547,99.950000,99.980000
51582.2,99.950000,99.980000
51593.5,99.950000,99.980000
51598,99.950000,99.980000
51678.9,99.950000,99.980000
51822.8,99.950000,99.980000
51843.4,99.950000,99.980000
52033.7,99.950000,99.980000
52097.6,99.950000,99.980000
52224.2,99.950000,99.980000
52276.9,99.950000,99.960000
52294.9,99.950000,99.960000
52333.8,99.950000,99.960000
52335,99.950000,99.960000
52356.9,99.950000,99.960000
52370.3,99.950000,99.960000
52426.1,99.950000,99.960000
52512.7,99.950000,99.960000
52516.9,99.950000,99.960000
52554.3,99.950000,99.960000
52563.2,99.950000,99.960000
52600.8,99.950000,99.960000
52728.2,99.950000,99.960000
52765.2,99.950000,99.960000
52783.4,99.950000,99.960000
52813.5,99.950000,99.960000
52848.6,99.950000,99.960000
52897.7,99.950000,99.960000
52953.2,99.950000,99.960000
53032.7,99.950000,99.960000
53080.9,99.950000,99.960000
53081.8,99.950000,99.960000
53086.2,99.950000,99.960000
53184.4,99.950000,99.960000
53192.2,99.950000,99.960000
53354.6,99.950000,99.960000
53496.6,99.950000,99.960000
53566.4,99.950000,99.960000
53567.8,99.950000,99.960000
53573.2,99.950000,99.960000
53584.6,99.950000,99.960000
53586.7,99.950000,99.960000
53589.8,99.950000,99.960000
53639.8,99.950000,99.960000
53657.7,99.950000,99.960000
53738.7,99.950000,99.960000
53793,99.950000,99.960000
53826.5,99.950000,99.960000
53882.3,99.950000,99.960000
53942,99.950000,99.960000
53943,99.950000,99.960000
53955.5,99.950000,99.960000
54002.1,99.950000,99.960000
54036.8,99.950000,99.960000
54040.1,99.950000,99.960000
54041.3,99.950000,99.960000
54097.2,99.950000,99.960000
54103.7,99.950000,99.960000
54128.6,99.950000,99.960000
54148.5,99.950000,99.960000
54228.3,99.950000,99.960000
54241.8,99.950000,99.960000
54245,99.950000,99.960000
54262.9,99.950000,99.960000
54280.4,99.950000,99.960000
54326.1,99.950000,99.960000
54331.5,99.950000,99.960000
54376.7,99.950000,99.960000
54409.5,99.950000,99.960000
54462.3,99.950000,99.960000
54508.5,99.950000,99.960000
54522,99.950000,99.960000
54577.1,99.950000,99.960000
54586,99.950000,99.960000
54617.4,99.950000,99.960000
54704.9,99.950000,99.960000
54712.6,99.950000,99.960000
54724.9,99.950000,99.960000
54730.8,99.950000,99.960000
54768.2,99.940000,99.950000
54792,99.940000,99.950000
54830.3,99.940000,99.950000
54834.6,99.940000,99.950000
54844.4,99.940000,99.950000
54887.9,99.940000,99.950000
54900.3,99.940000,99.950000
54907.5,99.940000,99.950000
54956,99.940000,99.950000
54980.1,99.940000,99.950000
55072.6,99.940000,99.950000
55090.6,99.940000,99.950000
55105.7,99.940000,99.950000
55106.3,99.940000,99.950000
55119.6,99.940000,99.950000
55130,99.940000,99.950000
55173.1,99.940000,99.950000
55231,99.940000,99.950000
55277.2,99.940000,99.950000
55287.6,99.940000,99.950000
55289.2,99.940000,99.950000
55306.4,99.940000,99.950000
55426.7,99.960000,99.960000
55451.4,99.960000,99.960000
55513.2,99.960000,99.960000
55570.9,99.960000,99.960000
55608.2,99.960000,99.960000
55714.7,99.960000,99.960000
55797.7,99.960000,99.960000
55918.6,99.960000,99.960000
55935.8,99.960000,99.960000
55958.8,99.960000,99.960000
55970.4,99.960000,99.960000
56001.4,99.940000,99.960000
56070.5,99.940000,99.960000
56220.3,99.940000,99.960000
56258.5,99.940000,99.960000
56266.9,99.940000,99.960000
56326.5,99.940000,99.960000
56458.7,99.940000,99.960000
56461.9,99.950000,99.960000
56481.4,99.950000,99.960000
56494.6,99.950000,99.960000
56548.3,99.950000,99.960000
56621.2,99.950000,99.960000
56635.7,99.950000,99.960000
56686.2,99.950000,99.960000
56721.9,99.950000,99.960000
56735.4,99.950000,99.960000
56743.7,99.950000,99.960000
56848.6,99.950000,99.960000
56918,99.950000,99.960000
57021.1,99.950000,99.960000
57174.6,99.950000,99.960000
57253.9,99.950000,99.960000
57264.9,99.950000,99.960000
57287.2,99.950000,99.960000
57295.7,99.950000,99.960000
57366.8,99.940000,99.960000
57383.5,99.940000,99.960000
57391.9,99.940000,99.960000
57425.7,99.940000,99.970000
57470.1,99.940000,99.970000
57491.5,99.940000,99.970000
57519.1,99.940000,99.970000
57520.5,99.940000,99.970000
57566.6,99.940000,99.970000
57691,99.940000,99.970000
57705.5,99.940000,99.970000
57789.7,99.940000,99.970000
57855.7,99.940000,99.970000
58004,99.940000,99.970000
58019,99.940000,99.970000
58023.2,99.940000,99.970000
58094.7,99.940000,99.970000
58096.8,99.940000,99.970000
58130.1,99.940000,99.970000
58149,99.940000,99.970000
58169,99.940000,99.970000
58270.7,99.940000,99.970000
58297.3,99.940000,99.970000
58379.7,99.940000,99.970000
58401.1,99.940000,99.970000
58437.8,99.940000,99.970000
58493.7,99.940000,99.970000
58507.5,99.940000,99.970000
58570.4,99.940000,99.970000
58602.8,99.940000,99.970000
58682.1,99.940000,99.970000
58705.8,99.940000,99.970000
58719.1,99.940000,99.950000
58729.5,99.940000,99.950000
58796.3,99.940000,99.950000
58870,99.940000,99.950000
58908.7,99.940000,99.950000
58954.7,99.940000,99.950000
58988.8,99.940000,99.950000
59051.9,99.940000,99.950000
59085.3,99.940000,99.950000
59142,99.940000,99.950000
59152.8,99.940000,99.950000
59253.3,99.940000,99.950000
59270.5,99.940000,99.950000
59327.2,99.940000,99.950000
59330.1,99.940000,99.950000
59331.8,99.940000,99.950000
59411.1,99.940000,99.950000
59464.1,99.940000,99.950000
59519.3,99.940000,99.950000
59535.3,99.940000,99.950000
59563.7,99.940000,99.950000
59647.5,99.940000,99.970000
59684.1,99.940000,99.970000
59783.1,99.940000,99.970000
59785.1,99.940000,99.970000
59789.6,99.940000,99.970000
59789.6,99.940000,99.970000
59819,99.940000,99.970000
59857.6,99.940000,99.970000
59864.8,99.940000,99.970000
59904.7,99.940000,99.970000
59961.2,99.940000,99.970000
59984.4,99.940000,99.970000
59985.8,99.940000,99.970000
60036.9,99.940000,99.980000
60042,99.940000,99.980000
60146.2,99.940000,99.960000
60162.8,99.940000,99.960000
60183.9,99.940000,99.960000
60207.7,99.940000,99.960000
60254.7,99.940000,99.960000
60270.8,99.940000,99.960000
60289.5,99.940000,99.960000
60332.4,99.940000,99.980000
60398,99.940000,99.980000
60518.9,99.940000,99.980000
60586,99.940000,99.980000
60623.1,99.940000,99.980000
60775.4,99.940000,99.980000
60848.1,99.940000,99.980000
60890.2,99.940000,99.980000
61027.2,99.940000,99.980000
61044.9,99.940000,99.980000
61073.1,99.940000,99.980000
61073.4,99.940000,99.980000
61083.5,99.940000,99.980000
61092.3,99.940000,99.980000
61099.5,99.940000,99.980000
61154.2,99.940000,99.980000
61173.8,99.940000,99.980000
61179.7,99.940000,99.980000
61268.2,99.940000,99.980000
61282.4,99.940000,99.980000
61293.5,99.940000,99.980000
61306.5,99.940000,99.980000
61311.3,99.940000,99.980000
61331.8,99.940000,99.980000
61348.2,99.940000,99.980000
61365,99.940000,99.970000
61371,99.940000,99.970000
61454,99.940000,99.970000
61459.6,99.940000,99.970000
61489.1,99.940000,99.980000
61560.7,99.940000,99.980000
61575.2,99.940000,99.980000
61709.2,99.940000,99.980000
61865.1,99.940000,99.980000
62043.1,99.940000,99.980000
62058.9,99.940000,99.980000
62137.1,99.940000,99.980000
62146.5,99.940000,99.980000
62153.6,99.940000,99.980000
62153.7,99.940000,99.980000
62160.9,99.940000,99.980000
62236.2,99.940000,99.980000
62285.4,99.940000,99.980000
62367.8,99.940000,99.980000
62484,99.940000,99.980000
62517.8,99.940000,99.980000
62542.8,99.940000,99.980000
62662.7,99.940000,99.980000
62668.6,99.940000,99.980000
62808.1,99.940000,99.980000
62893.3,99.940000,99.980000
62902.2,99.940000,99.980000
62908.8,99.940000,99.980000
62999.4,99.940000,99.990000
63052.6,99.940000,99.990000
63286.9,99.940000,99.990000
63309.2,99.940000,99.990000
63366.1,99.940000,99.990000
63400.7,99.930000,99.990000
63425.5,99.930000,99.990000
63433.3,99.930000,99.990000
63492.4,99.930000,99.990000
63531.1,99.930000,99.990000
63590.2,99.930000,99.990000
63684.6,99.930000,99.990000
63772.6,99.930000,99.990000
63838.6,99.930000,99.990000
63929.5,99.930000,99.990000
63933.5,99.930000,99.990000
64002.4,99.930000,99.990000
64003.1,99.930000,99.960000
64012.6,99.930000,99.990000
64074.8,99.930000,99.990000
64081.4,99.930000,99.990000
64122.4,99.930000,99.990000
64210.2,99.930000,99.990000
64214.3,99.930000,99.990000
64217.6,99.930000,99.990000
64219.3,99.930000,99.990000
64221.6,99.930000,99.990000
64247,99.930000,99.990000
64314.6,99.930000,99.990000
64416.2,99.930000,99.990000
64568.9,99.930000,99.990000
64734.6,99.930000,99.990000
64875.4,99.930000,99.990000
64976.5,99.930000,99.990000
64980,99.930000,99.990000
65194,99.930000,99.990000
65196,99.930000,99.990000
65347.9,99.930000,99.990000
65399.5,99.930000,99.990000
65423.1,99.930000,99.990000
65444.5,99.930000,99.990000
65604.9,99.930000,99.990000
65637.2,99.930000,99.990000
65688.3,99.930000,99.990000
65689.5,99.930000,99.990000
65751.8,99.930000,99.990000
65756.6,99.930000,99.990000
65833.2,99.930000,99.990000
65909.6,99.930000,99.990000
65929.2,99.930000,99.990000
66007.7,99.930000,99.990000
66058.6,99.930000,99.960000
66118.2,99.930000,99.960000
66175.2,99.930000,99.960000
66276.3,99.930000,99.960000
66315.4,99.930000,99.940000
66325.1,99.930000,99.940000
66353.9,99.930000,99.940000
66401.8,99.930000,99.940000
66403.5,99.930000,99.940000
66500.5,99.930000,99.940000
66561.3,99.930000,99.940000
66578,99.930000,99.940000
66597.1,99.930000,99.940000
66685.3,99.930000,99.940000
66690.5,99.930000,99.940000
66730.8,99.930000,99.940000
66778.9,99.930000,99.960000
66789.2,99.930000,99.960000
66866.3,99.930000,99.960000
66871.8,99.930000,99.960000
66894.2,99.930000,99.960000
66913,99.930000,99.960000
66959.7,99.950000,99.960000
66999.2,99.950000,99.960000
67100,99.930000,99.950000
67116,99.930000,99.970000
67150.2,99.930000,99.970000
67161.8,99.930000,99.940000
67181,99.930000,99.940000
67184.3,99.930000,99.940000
67289.2,99.930000,99.940000
67299.4,99.930000,99.940000
67299.9,99.930000,99.940000
67313.2,99.930000,99.940000
67376.2,99.930000,99.940000
67460.1,99.930000,99.940000
67476.1,99.930000,99.940000
67477.2,99.930000,99.940000
67590.3,99.930000,99.940000
67617.1,99.930000,99.940000
67634.8,99.930000,99.940000
67682.9,99.930000,99.940000
67711.6,99.930000,99.960000
67939.7,99.930000,99.960000
67987.1,99.930000,99.960000
67993.9,99.930000,99.960000
68023.5,99.930000,99.960000
68089.1,99.930000,99.960000
68192.2,99.930000,99.960000
68247.7,99.930000,99.960000
68285.2,99.930000,99.960000
68320.3,99.930000,99.960000
68331.7,99.930000,99.960000
68483,99.930000,99.960000
68498.4,99.930000,99.970000
68518.7,99.930000,99.970000
68529.5,99.930000,99.970000
68535.3,99.930000,99.970000
68540.6,99.930000,99.970000
68617.6,99.930000,99.970000
68684.8,99.930000,99.970000
68715.2,99.930000,99.970000
68715.7,99.930000,99.970000
68801.1,99.930000,99.970000
68806.1,99.930000,99.970000
68806.7,99.930000,99.970000
68812.7,99.930000,99.940000
69069.2,99.930000,99.940000
69097.4,99.930000,99.940000
69212.2,99.930000,99.940000
69239.2,99.930000,99.940000
69245.7,99.920000,99.940000
69246.1,99.920000,99.930000
69263.1,99.920000,99.930000
69308.1,99.920000,99.930000
69324.7,99.920000,99.930000
69353,99.920000,99.930000
69403.7,99.920000,99.930000
69422.3,99.920000,99.930000
69433.4,99.920000,99.930000
69482.9,99.920000,99.930000
69512.1,99.920000,99.930000
69513.5,99.920000,99.930000
69531.5,99.920000,99.930000
69548.9,99.920000,99.930000
69620.8,99.920000,99.930000
69707.1,99.920000,99.930000
69742.9,99.920000,99.930000
69750.2,99.920000,99.930000
69756.3,99.920000,99.930000
69788.4,99.920000,99.930000
69798.6,99.920000,99.930000
69826.9,99.920000,99.930000
69894.6,99.920000,99.930000
69919.4,99.920000,99.930000
69925.8,99.920000,99.930000
69955.2,99.920000,99.930000
69990.1,99.920000,99.930000
70031.5,99.920000,99.930000
70155.5,99.920000,99.930000
70286.6,99.920000,99.930000
70312.5,99.920000,99.930000
70383.8,99.920000,99.930000
70407.3,99.920000,99.930000
70632.2,99.920000,99.930000
70700,99.920000,99.930000
70799.9,99.920000,99.940000
70810.4,99.920000,99.940000
70859.5,99.920000,99.930000
70894.1,99.920000,99.930000
70982.1,99.920000,99.930000
71078.1,99.920000,99.930000
71109.9,99.920000,99.930000
71219.4,99.920000,99.930000
71341.1,99.920000,99.930000
71431.2,99.920000,99.930000
71563.7,99.920000,99.930000
71591.9,99.920000,99.930000
71690.3,99.920000,99.980000
71718.4,99.920000,99.980000
71835.3,99.920000,99.980000
71835.8,99.920000,99.980000
71839.8,99.920000,99.980000
71853.8,99.920000,99.980000
71888,99.920000,99.980000
71910.8,99.920000,99.980000
71949.8,99.920000,99.930000
71953.9,99.920000,99.930000
72026.1,99.920000,99.930000
72113.9,99.920000,99.930000
72138.2,99.920000,99.930000
72156.4,99.920000,99.930000
72244.5,99.920000,99.930000
72272.4,99.920000,99.930000
72335.9,99.920000,99.930000
72375,99.920000,99.930000
72389.4,99.920000,99.930000
72404.8,99.920000,99.930000
72437.5,99.920000,99.930000
72466.5,99.920000,99.930000
72569,99.920000,99.930000
72598,99.920000,99.930000
72611.4,99.920000,99.930000
72653.6,99.920000,99.930000
72654.9,99.920000,99.930000
72836.4,99.920000,99.930000
72912.3,99.920000,99.930000
72920.5,99.920000,99.930000
72926.9,99.920000,99.930000
72937.8,99.920000,99.930000
73117.3,99.920000,99.930000
73158.4,99.920000,99.930000
73200.5,99.920000,99.930000
73279.9,99.920000,99.930000
73288,99.920000,99.930000
73421,99.920000,99.930000
73479.6,99.920000,99.930000
73486.4,99.920000,99.930000
73743.3,99.920000,99.930000
73773.2,99.920000,99.930000
73845.8,99.920000,99.930000
73876,99.920000,99.930000
73889.2,99.920000,99.930000
73924.7,99.920000,99.930000
74008.8,99.920000,99.930000
74030.2,99.930000,99.950000
74170.2,99.930000,99.950000
74261.4,99.930000,99.950000
74261.8,99.930000,99.960000
74291.2,99.940000,99.960000
74320.6,99.940000,99.960000
74324.7,99.940000,99.960000
74374.5,99.940000,99.960000
74509.2,99.940000,99.960000
74658.1,99.940000,99.960000
74669,99.940000,99.960000
74719.4,99.940000,99.960000
74731.1,99.940000,99.960000
74781.9,99.940000,99.960000
74815.5,99.940000,99.960000
74980.3,99.940000,99.960000
74990,99.940000,99.960000
74991.4,99.950000,99.960000
75016.3,99.950000,99.960000
75037,99.950000,99.960000
75048.6,99.960000,99.960000
75049.6,99.960000,99.960000
75102.8,99.960000,99.960000
75201,99.960000,99.960000
75267.1,99.960000,99.960000
75345.4,99.960000,99.960000
75347.1,99.960000,99.960000
75451.8,99.960000,99.960000
75517.7,99.960000,99.980000
75606.8,99.960000,99.980000
75637.5,99.960000,99.980000
75650,99.960000,99.980000
75650.9,99.960000,99.980000
75694,99.960000,99.980000
75712.6,99.960000,99.980000
75720.2,99.960000,99.990000
75754.2,99.960000,99.990000
75769.9,99.960000,99.990000
75831.6,99.960000,99.980000
75933.5,99.960000,99.980000
75941,99.960000,99.980000
76068.5,99.960000,99.980000
76076.2,99.960000,99.980000
76108.1,99.960000,99.980000
76145.3,99.960000,99.980000
76148.7,99.960000,99.980000
76153.7,99.960000,99.970000
76174.9,99.960000,99.970000
76193.1,99.960000,99.970000
76238,99.960000,99.970000
76258.1,99.960000,99.970000
76269.8,99.960000,99.970000
76278.8,99.960000,99.970000
76307.8,99.960000,99.970000
76331.4,99.960000,99.970000
76377.9,99.960000,99.970000
76419,99.960000,99.970000
76420.3,99.960000,99.970000
76524.8,99.960000,99.970000
76568.9,99.960000,99.970000
76584.9,99.960000,99.970000
76627.3,99.960000,99.970000
76731.3,99.960000,99.970000
76833.6,99.960000,99.970000
76834.5,99.960000,99.970000
76889.1,99.950000,99.960000
76954.4,99.950000,99.970000
76963.9,99.950000,99.970000
77054.3,99.950000,99.970000
77058.8,99.950000,99.970000
77063,99.950000,99.970000
77081.6,99.950000,99.970000
77092.1,99.950000,99.960000
77114,99.950000,99.960000
77123.3,99.950000,99.960000
77175.3,99.950000,99.960000
77254.3,99.950000,99.960000
77261.9,99.950000,99.960000
77322.3,99.950000,99.960000
77374.5,99.950000,99.960000
77375.6,99.950000,99.960000
77389.5,99.950000,99.960000
77521.8,99.950000,99.960000
77523.2,99.950000,99.960000
77543.5,99.950000,99.960000
77552.5,99.950000,99.960000
77650,99.950000,99.960000
77650.3,99.950000,99.960000
77662.2,99.940000,99.960000
77669.1,99.940000,99.960000
77772.1,99.940000,99.960000
77794.6,99.940000,99.960000
77802.1,99.940000,99.960000
77829.8,99.940000,99.960000
77887.1,99.940000,99.960000
77986.3,99.940000,99.960000
77986.9,99.940000,99.960000
77993.1,99.940000,99.960000
78171.4,99.940000,99.960000
78179.6,99.940000,99.960000
78182.1,99.940000,99.960000
78292.1,99.940000,99.960000
78331.2,99.940000,99.960000
78376.5,99.940000,99.960000
78383.2,99.940000,99.960000
78473.3,99.940000,99.960000
78520.3,99.940000,99.960000
78521.4,99.940000,99.960000
78600.3,99.940000,99.960000
78669,99.960000,99.960000
78725.7,99.960000,99.960000
78741.3,99.960000,99.970000
78753.8,99.960000,99.970000
78799,99.960000,99.970000
78885.5,99.960000,99.970000
78910.2,99.960000,99.970000
79120,99.960000,99.970000
79150,99.960000,99.970000
79176.9,99.960000,99.970000
79200.6,99.960000,99.970000
79209.3,99.960000,99.970000
79259,99.960000,99.970000
79329.7,99.960000,99.970000
79383.1,99.960000,99.970000
79433.7,99.960000,99.970000
79579.2,99.960000,99.970000
79615,99.960000,99.970000
79677.4,99.960000,99.970000
79734.9,99.960000,99.970000
79781.2,99.960000,99.970000
79817.9,99.960000,99.970000
79880.8,99.950000,99.970000
79882.9,99.950000,99.970000
79970.1,99.950000,99.970000
79984,99.950000,99.980000
80045.7,99.950000,99.980000
80075.7,99.950000,99.980000
80088.2,99.950000,99.980000
80106.3,99.950000,99.980000
80153.1,99.950000,99.980000
80161.1,99.950000,99.980000
80193.5,99.950000,99.980000
80217.3,99.950000,99.980000
80272.5,99.950000,99.980000
80337.7,99.950000,99.980000
80350.7,99.970000,99.980000
80354.2,99.970000,99.980000
80369,99.980000,99.990000
80399.4,99.980000,99.990000
80412.3,99.980000,99.990000
80462.6,99.980000,99.990000
80501.7,99.980000,99.990000
80565.3,99.970000,99.980000
80581.1,99.970000,99.980000
80596.4,99.970000,99.980000
80602.3,99.970000,99.980000
80611.2,99.970000,99.980000
80669.3,99.970000,99.980000
80687.5,99.980000,99.990000
80729.9,99.970000,99.990000
80886.8,99.970000,99.990000
80983.8,99.970000,99.990000
81052.2,99.970000,99.990000
81078.1,99.970000,99.990000
81163.4,99.970000,99.990000
81204.2,99.970000,99.990000
81208.1,99.970000,99.990000
81354.7,99.970000,99.990000
81401.4,99.970000,99.990000
81424.4,99.970000,99.990000
81528,99.970000,99.990000
81567.5,99.970000,99.990000
81641,99.970000,99.990000
81653.1,99.970000,99.990000
81788,99.970000,99.990000
81829.7,99.970000,99.990000
81896,99.970000,99.990000
81989.6,99.970000,99.990000
82017.8,99.970000,99.990000
82021.6,99.970000,99.990000
82039,99.970000,99.990000
82054,99.970000,99.990000
82064.4,99.970000,99.990000
82066.5,99.970000,99.990000
82078.2,99.970000,99.980000
82100.1,99.970000,99.980000
82173.8,99.970000,99.980000
82244.5,99.970000,99.990000
82256.3,99.970000,99.990000
82419.2,99.970000,99.990000
82479.6,99.960000,99.990000
82480.1,99.960000,99.990000
82525.4,99.960000,99.990000
82663.1,99.960000,99.990000
82686.5,99.960000,99.990000
82694.3,99.950000,99.990000
82699.5,99.950000,99.990000
82796.5,99.950000,99.990000
82815.1,99.950000,99.990000
82862.7,99.950000,99.990000
82875.1,99.950000,99.990000
82984,99.950000,99.990000
83166.4,99.950000,99.990000
83209.7,99.950000,99.990000
83404.2,99.950000,99.990000
83404.8,99.950000,99.990000
83433.7,99.950000,99.990000
83536.5,99.950000,99.960000
83539.8,99.950000,99.960000
83570.4,99.950000,99.960000
83599,99.950000,99.960000
83599.8,99.950000,99.960000
83602.3,99.950000,99.960000
83652.6,99.950000,99.960000
83668.9,99.950000,99.960000
83688.4,99.950000,99.960000
83707,99.950000,99.960000
83793.5,99.950000,99.970000
83807.8,99.960000,99.970000
83872.5,99.960000,99.970000
83923.1,99.960000,99.970000
83952,99.960000,99.970000
84056,99.960000,99.970000
84065.2,99.960000,99.970000
84087.8,99.960000,99.970000
84187.9,99.960000,99.970000
84202.4,99.960000,99.970000
84246.5,99.960000,99.990000
84287.6,99.960000,99.990000
84293.3,99.960000,99.990000
84349.1,99.990000,99.990000
84448.7,99.990000,99.990000
84450,99.990000,99.990000
84464.6,99.990000,99.990000
84484.2,99.990000,99.990000
84536.5,99.990000,99.990000
84541.1,99.990000,99.990000
84592.1,99.990000,99.990000
84620.9,99.990000,99.990000
84740.7,99.990000,99.990000
84751.7,99.990000,99.990000
84758.9,99.990000,99.990000
84846.3,99.990000,99.990000
85050.9,99.990000,99.990000
85217.9,99.990000,99.990000
85244.5,99.990000,99.990000
85267.6,99.990000,99.990000
85355.4,99.990000,99.990000
85443,99.990000,99.990000
85445.7,99.990000,99.990000
85448.7,99.990000,99.990000
85512.1,99.990000,99.990000
85573,99.990000,99.990000
85593.1,99.990000,99.990000
85612,99.990000,99.990000
85677.5,99.990000,99.990000
85687.5,99.990000,99.990000
85747.8,99.990000,99.990000
85757.9,99.990000,99.990000
85773,99.990000,99.990000
85778,99.990000,99.990000
85783,99.990000,99.990000
85900.8,99.990000,99.990000
85910.8,99.990000,99.990000
85934.2,99.990000,99.990000
86019.7,99.990000,99.990000
86155.8,99.990000,99.990000
86190.2,99.990000,99.990000
86219.9,99.990000,99.990000
86230.3,99.990000,99.990000
86249.7,99.990000,99.990000
86321.8,99.990000,99.990000
86341.2,99.980000,99.990000
86401.2,99.980000,99.990000
86420,99.980000,99.990000
86586.5,99.980000,99.990000
86646.5,99.980000,99.990000
86709.1,99.980000,99.990000
86824.4,99.980000,99.990000
86913.4,99.980000,99.990000
86968.6,99.970000,99.990000
87027.2,99.970000,99.990000
87041.8,99.970000,99.990000
87100.3,99.970000,99.990000
87110.4,99.970000,99.990000
87127.2,99.970000,99.990000
87134,99.970000,99.990000
87138.3,99.970000,99.990000
87183.8,99.970000,99.990000
87214.8,99.970000,99.990000
87224.9,99.970000,99.990000
87265.6,99.970000,99.990000
87303.8,99.960000,99.990000
87401.1,99.960000,99.990000
87539.5,99.960000,99.990000
87596.9,99.960000,99.990000
87605.2,99.960000,99.990000
87614,99.950000,99.990000
87719.9,99.950000,99.990000
87745.9,99.950000,99.990000
87765.6,99.940000,99.990000
87776.5,99.940000,99.990000
87828.1,99.940000,99.970000
87846,99.940000,99.970000
87854.5,99.940000,99.970000
87909.5,99.940000,99.960000
87928.5,99.940000,99.960000
87966.3,99.940000,99.960000
88082.3,99.940000,99.960000
88092,99.940000,99.960000
88098.3,99.940000,99.960000
88156.8,99.940000,99.960000
88164.1,99.940000,99.960000
88276.3,99.940000,99.960000
88301.3,99.940000,99.960000
88449.9,99.940000,99.960000
88545.2,99.940000,99.960000
88554.3,99.940000,99.960000
88574.6,99.940000,99.960000
88606.3,99.940000,99.960000
88642.2,99.940000,99.960000
88657.8,99.940000,99.960000
88667.5,99.940000,99.960000
88688.4,99.940000,99.960000
88791.7,99.940000,99.960000
88855,99.940000,99.960000
88879.5,99.940000,99.960000
88935.9,99.940000,99.960000
88942.5,99.940000,99.960000
88967.6,99.940000,99.960000
89054.6,99.940000,99.950000
89124.8,99.940000,99.950000
89173.1,99.940000,99.950000
89173.7,99.940000,99.950000
89192.9,99.940000,99.950000
89261.3,99.940000,99.950000
89292.2,99.940000,99.960000
89361.6,99.940000,99.960000
89369.7,99.940000,99.960000
89370.6,99.940000,99.960000
89459.1,99.940000,99.960000
89606.3,99.940000,99.960000
89623.4,99.940000,99.950000
89632,99.940000,99.950000
89714.3,99.940000,99.950000
89741.3,99.940000,99.950000
89857.3,99.940000,99.950000
89864.1,99.940000,99.950000
89905.5,99.940000,99.950000
89909.8,99.940000,99.950000
89939.6,99.940000,99.950000
89989.8,99.940000,99.950000
90009,99.940000,99.950000
90089.2,99.940000,99.950000
90090.5,99.940000,99.950000
90098.5,99.940000,99.950000
90114.5,99.940000,99.950000
90270.8,99.940000,99.950000
90334.5,99.940000,99.950000
90424.9,99.940000,99.950000
90489.1,99.940000,99.950000
90493.9,99.940000,99.950000
90533.3,99.940000,99.950000
90539.4,99.940000,99.950000
90572,99.940000,99.950000
90622.3,99.940000,99.950000
90633.4,99.940000,99.950000
90740.1,99.940000,99.950000
90763.6,99.940000,99.950000
90877.7,99.940000,99.950000
90933.4,99.940000,99.950000
91068.6,99.940000,99.950000
91080.7,99.940000,99.950000
91188.6,99.940000,99.950000
91208.9,99.940000,99.950000
91335.7,99.940000,99.950000
91387.6,99.940000,99.950000
91461.1,99.940000,99.950000
91665.7,99.940000,99.950000
91799.4,99.940000,99.950000
91901.4,99.940000,99.950000
91909.7,99.940000,99.950000
91936.3,99.940000,99.950000
91951.8,99.940000,99.950000
92225.9,99.940000,99.950000
92293.7,99.940000,99.950000
92333.1,99.940000,99.950000
92359.2,99.930000,99.940000
92415,99.930000,99.940000
92435.3,99.930000,99.940000
92456.3,99.930000,99.940000
92536.5,99.930000,99.940000
92551.2,99.930000,99.940000
92570.8,99.930000,99.940000
92613.9,99.930000,99.940000
92622.3,99.930000,99.940000
92681.7,99.930000,99.940000
92833.1,99.930000,99.940000
92921,99.930000,99.940000
93065.9,99.930000,99.940000
93089.4,99.930000,99.940000
93146.2,99.930000,99.940000
93170.4,99.930000,99.940000
93184.9,99.930000,99.940000
93208.8,99.930000,99.940000
93269.7,99.930000,99.940000
93325.9,99.930000,99.940000
93367.6,99.930000,99.940000
93397.6,99.930000,99.940000
93455.7,99.930000,99.940000
93513.1,99.930000,99.940000
93535.9,99.930000,99.940000
93586.3,99.930000,99.940000
93589.7,99.930000,99.940000
93600.6,99.930000,99.940000
93602.6,99.930000,99.940000
93638.3,99.930000,99.940000
93721.8,99.930000,99.940000
93754.3,99.930000,99.940000
93762.2,99.930000,99.940000
93804,99.930000,99.940000
93807.1,99.930000,99.940000
93853.7,99.930000,99.940000
93963.5,99.930000,99.940000
94009.3,99.930000,99.940000
94011.3,99.930000,99.940000
94101.8,99.930000,99.940000
94172.6,99.930000,99.940000
94209,99.930000,99.940000
94245,99.930000,99.940000
94332.4,99.930000,99.940000
94379.9,99.930000,99.940000
94442.2,99.930000,99.940000
94506.4,99.930000,99.940000
94558.5,99.930000,99.940000
94597,99.930000,99.940000
94831.8,99.930000,99.940000
94837.5,99.930000,99.940000
94842.5,99.930000,99.940000
94863.1,99.930000,99.940000
94932.8,99.930000,99.940000
94945.2,99.930000,99.940000
94950.2,99.930000,99.940000
94962.7,99.930000,99.940000
94987.1,99.930000,99.940000
95011.4,99.930000,99.940000
95067.3,99.930000,99.940000
95114,99.930000,99.940000
95191.5,99.930000,99.940000
95204.7,99.930000,99.940000
95208,99.930000,99.940000
95272.4,99.930000,99.940000
95284.8,99.930000,99.940000
95289.5,99.930000,99.940000
95304.2,99.930000,99.940000
95314.5,99.930000,99.940000
95357,99.930000,99.940000
95357.9,99.930000,99.940000
95388.9,99.930000,99.940000
95389.4,99.930000,99.940000
95392.3,99.930000,99.940000
95491.2,99.930000,99.940000
95497,99.930000,99.940000
95497,99.930000,99.940000
95534.3,99.930000,99.940000
95548.7,99.930000,99.940000
95594.5,99.930000,99.940000
95612.3,99.930000,99.940000
95681.7,99.930000,99.940000
95715.1,99.930000,99.940000
95766.2,99.930000,99.940000
95806.3,99.930000,99.940000
95841.6,99.930000,99.940000
95842.8,99.930000,99.940000
95873.7,99.930000,99.940000
95902.5,99.930000,99.940000
95944.3,99.930000,99.940000
96008.4,99.930000,99.940000
96010.5,99.930000,99.940000
96098,99.930000,99.940000
96101.4,99.930000,99.940000
96216.2,99.930000,99.940000
96326.2,99.930000,99.940000
96389.2,99.930000,99.940000
96417.7,99.930000,99.940000
96498.6,99.930000,99.940000
96655,99.930000,99.940000
96680.5,99.930000,99.940000
96810.8,99.920000,99.940000
96829.2,99.920000,99.940000
96842.6,99.920000,99.940000
96847.9,99.920000,99.940000
96856.1,99.920000,99.940000
96912.9,99.920000,99.940000
96918.1,99.920000,99.940000
96927.5,99.920000,99.940000
96964.8,99.920000,99.940000
96973.4,99.920000,99.940000
96994,99.920000,99.940000
97055.2,99.920000,99.940000
97075,99.920000,99.940000
97080.7,99.920000,99.940000
97144.1,99.920000,99.950000
97282.6,99.920000,99.950000
97285.1,99.920000,99.950000
97361.7,99.920000,99.940000
97415.4,99.920000,99.940000
97638.1,99.920000,99.950000
97688,99.920000,99.950000
97699.9,99.920000,99.950000
97849.5,99.920000,99.950000
97920,99.920000,99.950000
97952.1,99.920000,99.950000
97996.8,99.920000,99.930000
98012.3,99.920000,99.930000
98037.5,99.920000,99.940000
98077.1,99.920000,99.940000
98095.4,99.920000,99.940000
98171,99.920000,99.940000
98224.4,99.920000,99.940000
98277.9,99.920000,99.940000
98283.1,99.920000,99.940000
98291.5,99.920000,99.940000
98307.3,99.920000,99.940000
98345.5,99.920000,99.940000
98350.3,99.920000,99.940000
98353.6,99.920000,99.940000
98482.9,99.920000,99.930000
98557.7,99.920000,99.930000
98617.5,99.920000,99.930000
98648.1,99.920000,99.930000
98670,99.920000,99.930000
98711.3,99.920000,99.930000
98717.6,99.920000,99.930000
98745.4,99.920000,99.930000
98769.2,99.920000,99.930000
98773.1,99.920000,99.930000
98778,99.920000,99.930000
98887.7,99.920000,99.930000
98959.1,99.920000,99.930000
98976.8,99.920000,99.930000
98995.5,99.920000,99.930000
99001.1,99.920000,99.930000
99045.8,99.920000,99.930000
99087.9,99.920000,99.930000
99097.2,99.920000,99.930000
99176.3,99.920000,99.930000
99200.9,99.920000,99.930000
99217.9,99.920000,99.930000
99286.5,99.920000,99.930000
99299.7,99.920000,99.930000
99459.9,99.920000,99.930000
99467.7,99.920000,99.930000
99524.7,99.920000,99.930000
99579.5,99.920000,99.930000
99607.9,99.920000,99.930000
99619.3,99.920000,99.930000
99620,99.920000,99.930000
99678.3,99.920000,99.930000
99685.4,99.920000,99.930000
99701,99.920000,99.930000
99769.6,99.920000,99.930000
99852.6,99.920000,99.930000
99892.9,99.920000,99.930000
99911.2,99.920000,99.930000
99966.6,99.920000,99.930000
99980.7,99.920000,99.930000
100009,99.920000,99.930000
100110,99.920000,99.930000
100117,99.920000,99.930000
100229,99.920000,99.930000
100274,99.920000,99.930000
100328,99.920000,99.930000
100371,99.920000,99.930000
100380,99.920000,99.930000
100466,99.920000,99.930000
100497,99.920000,99.930000
100603,99.920000,99.930000
100603,99.920000,99.930000
100612,99.920000,99.930000
100652,99.920000,99.930000
100680,99.920000,99.930000
100754,99.920000,99.930000
100858,99.920000,99.930000
100978,99.920000,99.930000
100980,99.920000,99.930000
100995,99.920000,99.930000
101003,99.920000,99.930000
101030,99.920000,99.930000
101124,99.920000,99.930000
101224,99.920000,99.930000
101274,99.920000,99.930000
101387,99.920000,99.930000
101393,99.920000,99.930000
101425,99.920000,99.930000
101427,99.920000,99.930000
101473,99.920000,99.930000
101537,99.920000,99.930000
101553,99.920000,99.930000
101596,99.920000,99.930000
101610,99.920000,99.930000
101613,99.920000,99.930000
101724,99.920000,99.930000
101830,99.920000,99.930000
101845,99.920000,99.930000
101910,99.920000,99.930000
101973,99.920000,99.930000
102076,99.920000,99.930000
102146,99.920000,99.930000
102202,99.920000,99.930000
102229,99.920000,99.930000
102230,99.920000,99.930000
102432,99.920000,99.930000
102453,99.920000,99.930000
102559,99.920000,99.930000
102570,99.920000,99.930000
102726,99.920000,99.930000
102761,99.920000,99.930000
102775,99.920000,99.930000
102968,99.920000,99.930000
103015,99.920000,99.930000
103118,99.920000,99.930000
103155,99.920000,99.930000
103220,99.920000,99.930000
103247,99.920000,99.930000
103283,99.920000,99.930000
103317,99.920000,99.930000
103425,99.920000,99.930000
103446,99.920000,99.930000
103540,99.920000,99.930000
103705,99.920000,99.930000
103719,99.920000,99.930000
103725,99.920000,99.930000
103748,99.920000,99.930000
103819,99.920000,99.930000
103836,99.920000,99.930000
103913,99.920000,99.930000
103930,99.920000,99.930000
104005,99.920000,99.930000
104036,99.920000,99.930000
104298,99.920000,99.930000
104412,99.920000,99.930000
104466,99.920000,99.930000
104511,99.920000,99.930000
104535,99.920000,99.930000
104540,99.920000,99.930000
104669,99.920000,99.930000
104713,99.920000,99.930000
104783,99.920000,99.930000
104807,99.920000,99.930000
104863,99.920000,99.930000
104915,99.920000,99.930000
104941,99.920000,99.930000
104944,99.920000,99.930000
104989,99.920000,99.930000
105016,99.920000,99.930000
105144,99.920000,99.930000
105320,99.920000,99.930000
105451,99.920000,99.930000
105478,99.920000,99.930000
105499,99.920000,99.930000
105515,99.920000,99.930000
105550,99.920000,99.930000
105608,99.920000,99.930000
105644,99.920000,99.930000
105682,99.920000,99.930000
105725,99.920000,99.930000
105825,99.920000,99.930000
105844,99.920000,99.930000
105908,99.910000,99.930000
105934,99.910000,99.930000
105987,99.910000,99.930000
106012,99.910000,99.930000
106016,99.910000,99.930000
106042,99.910000,99.930000
106090,99.910000,99.930000
106183,99.910000,99.930000
106219,99.910000,99.930000
106249,99.910000,99.930000
106362,99.910000,99.930000
106363,99.910000,99.930000
106388,99.910000,99.930000
106422,99.910000,99.930000
106500,99.910000,99.930000
106571,99.910000,99.930000
106627,99.910000,99.930000
106664,99.910000,99.930000
106714,99.910000,99.930000
106856,99.910000,99.930000
106876,99.910000,99.930000
106902,99.910000,99.930000
106925,99.910000,99.930000
106950,99.910000,99.930000
107007,99.910000,99.930000
107063,99.910000,99.930000
107065,99.910000,99.930000
107085,99.910000,99.930000
107170,99.910000,99.930000
107264,99.910000,99.930000
107301,99.910000,99.930000
107302,99.910000,99.930000
107327,99.910000,99.930000
107483,99.910000,99.930000
107492,99.910000,99.930000
107542,99.910000,99.930000
107590,99.910000,99.930000
107641,99.910000,99.930000
107728,99.910000,99.930000
107740,99.910000,99.930000
107835,99.910000,99.930000
108000,99.910000,99.930000
108017,99.910000,99.930000
108101,99.910000,99.930000
108109,99.910000,99.930000
108136,99.910000,99.930000
108209,99.910000,99.930000
108240,99.910000,99.930000
108282,99.910000,99.930000
108296,99.910000,99.930000
108457,99.910000,99.930000
108520,99.910000,99.930000
108563,99.910000,99.930000
108607,99.910000,99.930000
108660,99.910000,99.930000
108801,99.910000,99.930000
108869,99.910000,99.930000
108912,99.910000,99.930000
108999,99.910000,99.930000
109008,99.910000,99.930000
109069,99.910000,99.930000
109071,99.910000,99.930000
109136,99.910000,99.930000
109182,99.910000,99.930000
109194,99.910000,99.930000
109323,99.910000,99.930000
109420,99.910000,99.930000
109485,99.910000,99.930000
109560,99.910000,99.930000
109662,99.910000,99.930000
109668,99.910000,99.940000
109768,99.910000,99.940000
109842,99.910000,99.940000
109964,99.910000,99.940000
110032,99.910000,99.940000
110034,99.910000,99.940000
110065,99.910000,99.940000
110070,99.910000,99.940000
110090,99.920000,99.940000
110182,99.920000,99.940000
110264,99.920000,99.940000
110265,99.910000,99.940000
110287,99.930000,99.940000
110355,99.930000,99.940000
110361,99.930000,99.940000
110410,99.930000,99.940000
110462,99.930000,99.940000
110464,99.930000,99.940000
110621,99.930000,99.950000
110650,99.930000,99.950000
110683,99.930000,99.950000
110723,99.930000,99.950000
110748,99.930000,99.950000
110793,99.930000,99.950000
110796,99.930000,99.950000
110798,99.930000,99.950000
110879,99.930000,99.950000
110917,99.930000,99.950000
110928,99.930000,99.950000
110975,99.930000,99.950000
110983,99.930000,99.950000
110985,99.930000,99.950000
111018,99.930000,99.940000
111031,99.930000,99.940000
111091,99.930000,99.940000
111100,99.930000,99.940000
111147,99.930000,99.940000
111231,99.930000,99.940000
111383,99.930000,99.940000
111412,99.930000,99.940000
111413,99.930000,99.940000
111449,99.930000,99.940000
111503,99.930000,99.950000
111619,99.930000,99.950000
111664,99.930000,99.950000
111666,99.930000,99.950000
111673,99.930000,99.950000
111804,99.930000,99.950000
111807,99.930000,99.950000
111895,99.930000,99.950000
111948,99.930000,99.950000
111957,99.930000,99.950000
112000,99.930000,99.950000
112062,99.930000,99.950000
112177,99.930000,99.950000
112201,99.930000,99.950000
112211,99.930000,99.950000
112258,99.930000,99.950000
112294,99.930000,99.950000
112302,99.930000,99.950000
112337,99.930000,99.950000
112339,99.930000,99.950000
112343,99.930000,99.950000
112429,99.930000,99.950000
112541,99.930000,99.950000
112546,99.930000,99.950000
112594,99.940000,99.950000
112672,99.940000,99.950000
112717,99.940000,99.950000
112722,99.940000,99.950000
112848,99.940000,99.950000
112929,99.940000,99.950000
112971,99.940000,99.950000
112981,99.940000,99.950000
113046,99.940000,99.950000
113053,99.940000,99.950000
113071,99.940000,99.950000
113171,99.940000,99.950000
113180,99.940000,99.950000
113218,99.940000,99.950000
113294,99.940000,99.950000
113320,99.940000,99.950000
113323,99.940000,99.950000
113420,99.940000,99.950000
113587,99.960000,99.960000
113588,99.960000,99.960000
113639,99.960000,99.960000
113675,99.960000,99.960000
113817,99.960000,99.960000
113896,99.960000,99.960000
113905,99.960000,99.960000
113926,99.960000,99.960000
114012,99.960000,99.960000
114067,99.960000,99.960000
114217,99.960000,99.960000
114270,99.960000,99.960000
114336,99.960000,99.960000
114390,99.960000,99.960000
114414,99.960000,99.960000
114477,99.960000,99.960000
114516,99.960000,99.960000
114534,99.960000,99.960000
114551,99.960000,99.960000
114579,99.940000,99.960000
114628,99.940000,99.960000
114708,99.940000,99.960000
114743,99.940000,99.960000
114771,99.940000,99.960000
114982,99.940000,99.960000
114996,99.940000,99.960000
115008,99.940000,99.960000
115013,99.940000,99.960000
115023,99.940000,99.960000
115025,99.940000,99.960000
115049,99.940000,99.960000
115130,99.940000,99.960000
115140,99.940000,99.960000
115272,99.940000,99.960000
115305,99.940000,99.960000
115394,99.940000,99.960000
115395,99.940000,99.960000
115415,99.940000,99.960000
115420,99.940000,99.960000
115502,99.940000,99.960000
115547,99.930000,99.960000
115588,99.930000,99.960000
115653,99.930000,99.960000
115692,99.930000,99.960000
115740,99.930000,99.960000
115744,99.930000,99.960000
115887,99.930000,99.960000
115937,99.930000,99.960000
116078,99.930000,99.960000
116083,99.930000,99.960000
116135,99.940000,99.960000
116142,99.930000,99.960000
116146,99.930000,99.960000
116169,99.930000,99.960000
116231,99.930000,99.960000
116346,99.930000,99.960000
116440,99.930000,99.960000
116548,99.930000,99.960000
116670,99.930000,99.960000
116923,99.930000,99.960000
116926,99.930000,99.960000
116930,99.930000,99.960000
116932,99.930000,99.960000
116975,99.930000,99.950000
117012,99.920000,99.950000
117168,99.920000,99.950000
117201,99.920000,99.950000
117203,99.920000,99.930000
117380,99.920000,99.930000
117482,99.920000,99.930000
117484,99.920000,99.930000
117656,99.920000,99.930000
117658,99.920000,99.930000
117679,99.920000,99.930000
117679,99.920000,99.930000
117725,99.920000,99.930000
117755,99.920000,99.930000
117803,99.920000,99.930000
117813,99.920000,99.930000
117977,99.920000,99.930000
117996,99.920000,99.930000
118076,99.920000,99.930000
118078,99.920000,99.930000
118085,99.920000,99.930000
118086,99.920000,99.930000
118143,99.920000,99.950000
118143,99.920000,99.950000
118203,99.920000,99.950000
118323,99.920000,99.950000
118345,99.920000,99.930000
118369,99.920000,99.930000
118394,99.920000,99.930000
118400,99.920000,99.930000
118400,99.920000,99.930000
118413,99.920000,99.930000
118427,99.920000,99.930000
118477,99.920000,99.930000
118478,99.920000,99.930000
118528,99.920000,99.930000
118541,99.920000,99.930000
118817,99.920000,99.930000
118884,99.920000,99.930000
118894,99.920000,99.930000
119098,99.920000,99.930000
119119,99.920000,99.930000
119277,99.920000,99.930000
119284,99.920000,99.950000
119358,99.920000,99.950000
119402,99.920000,99.950000
119443,99.920000,99.950000
119516,99.920000,99.950000
119551,99.920000,99.950000
119551,99.920000,99.950000
119564,99.920000,99.950000
119783,99.920000,99.950000
119845,99.920000,99.950000
119895,99.920000,99.950000
119958,99.920000,99.930000
120022,99.910000,99.930000
120047,99.910000,99.930000
120163,99.910000,99.930000
120190,99.910000,99.930000
120199,99.910000,99.930000
120291,99.910000,99.960000
120333,99.910000,99.960000
120507,99.910000,99.960000
120567,99.910000,99.950000
120610,99.910000,99.950000
120621,99.910000,99.950000
120668,99.910000,99.950000
120757,99.910000,99.950000
120884,99.910000,99.950000
120889,99.910000,99.920000
121022,99.910000,99.920000
121064,99.910000,99.920000
121223,99.910000,99.920000
121284,99.910000,99.920000
121316,99.910000,99.920000
121346,99.910000,99.920000
121357,99.910000,99.920000
121491,99.910000,99.920000
121495,99.910000,99.920000
121625,99.910000,99.920000
121632,99.910000,99.920000
121728,99.910000,99.920000
121791,99.910000,99.920000
121831,99.910000,99.920000
121906,99.910000,99.920000
121979,99.910000,99.920000
122120,99.910000,99.920000
122160,99.910000,99.920000
122227,99.910000,99.920000
122284,99.910000,99.920000
122293,99.910000,99.920000
122301,99.910000,99.920000
122311,99.910000,99.920000
122314,99.910000,99.950000
122366,99.910000,99.930000
122424,99.910000,99.950000
122517,99.910000,99.960000
122596,99.910000,99.960000
122847,99.910000,99.960000
122909,99.910000,99.960000
122974,99.910000,99.930000
123028,99.910000,99.930000
123112,99.910000,99.930000
123208,99.910000,99.930000
123243,99.910000,99.930000
123279,99.910000,99.930000
123375,99.910000,99.930000
123380,99.910000,99.960000
123441,99.910000,99.960000
123457,99.910000,99.960000
123464,99.910000,99.920000
123526,99.910000,99.920000
123581,99.910000,99.920000
123667,99.910000,99.920000
123780,99.910000,99.920000
123783,99.900000,99.910000
123801,99.900000,99.910000
123855,99.900000,99.910000
123878,99.900000,99.910000
123920,99.900000,99.910000
123984,99.900000,99.910000
123985,99.900000,99.910000
124067,99.900000,99.910000
124121,99.900000,99.910000
124184,99.900000,99.910000
124339,99.900000,99.910000
124352,99.900000,99.920000
124353,99.900000,99.930000
124365,99.900000,99.930000
124383,99.900000,99.920000
124407,99.900000,99.920000
124446,99.900000,99.920000
124465,99.900000,99.920000
124467,99.900000,99.920000
124527,99.900000,99.920000
124691,99.900000,99.930000
124699,99.900000,99.940000
124762,99.900000,99.940000
124774,99.900000,99.940000
124822,99.900000,99.940000
124837,99.900000,99.940000
124898,99.900000,99.940000
124945,99.900000,99.940000
124961,99.900000,99.940000
125015,99.900000,99.940000
125042,99.900000,99.960000
125094,99.900000,99.960000
125103,99.900000,99.960000
125124,99.900000,99.920000
125131,99.900000,99.920000
125149,99.900000,99.920000
125171,99.900000,99.920000
125337,99.900000,99.920000
125341,99.900000,99.920000
125353,99.900000,99.920000
125380,99.900000,99.920000
125397,99.900000,99.920000
125460,99.900000,99.920000
125467,99.900000,99.920000
125646,99.900000,99.920000
125649,99.900000,99.920000
125666,99.900000,99.920000
125737,99.900000,99.920000
125744,99.900000,99.920000
125759,99.900000,99.920000
125787,99.900000,99.920000
125819,99.900000,99.920000
125822,99.900000,99.920000
125836,99.900000,99.920000
125853,99.900000,99.920000
125856,99.900000,99.920000
125910,99.900000,99.920000
125960,99.900000,99.920000
126098,99.900000,99.920000
126136,99.900000,99.920000
126270,99.900000,99.920000
126308,99.900000,99.920000
126322,99.900000,99.920000
126327,99.900000,99.920000
126329,99.900000,99.920000
126409,99.900000,99.920000
126431,99.900000,99.920000
126441,99.900000,99.920000
126498,99.900000,99.920000
126509,99.900000,99.920000
126527,99.900000,99.920000
126655,99.900000,99.920000
126712,99.900000,99.920000
126790,99.900000,99.920000
126843,99.900000,99.920000
126863,99.900000,99.920000
126870,99.900000,99.920000
126879,99.900000,99.920000
127011,99.900000,99.920000
127066,99.900000,99.940000
127118,99.900000,99.940000
127138,99.900000,99.920000
127144,99.900000,99.920000
127156,99.900000,99.940000
127165,99.900000,99.950000
127272,99.900000,99.950000
127510,99.900000,99.920000
127525,99.900000,99.950000
127581,99.900000,99.950000
127632,99.900000,99.930000
127734,99.900000,99.930000
127752,99.900000,99.930000
127756,99.900000,99.930000
127794,99.900000,99.930000
127868,99.900000,99.930000
127955,99.900000,99.930000
127966,99.900000,99.930000
127967,99.900000,99.950000
127976,99.900000,99.950000
127978,99.900000,99.950000
127978,99.900000,99.950000
128020,99.900000,99.950000
128029,99.900000,99.950000
128139,99.900000,99.940000
128174,99.900000,99.940000
128205,99.900000,99.940000
128283,99.900000,99.940000
128348,99.900000,99.940000
128386,99.900000,99.940000
128388,99.900000,99.940000
128472,99.900000,99.940000
128503,99.900000,99.940000
128517,99.900000,99.940000
128578,99.900000,99.940000
128625,99.900000,99.930000
128660,99.900000,99.930000
128711,99.900000,99.930000
128740,99.900000,99.930000
128963,99.900000,99.930000
128964,99.900000,99.930000
129012,99.900000,99.930000
129093,99.900000,99.930000
129123,99.900000,99.930000
129418,99.900000,99.930000
129469,99.900000,99.930000
129494,99.900000,99.930000
129584,99.900000,99.940000
129595,99.910000,99.940000
129643,99.910000,99.940000
129644,99.910000,99.940000
129707,99.910000,99.940000
129828,99.910000,99.940000
129857,99.910000,99.940000
129921,99.910000,99.940000
129979,99.930000,99.940000
130025,99.930000,99.940000
130158,99.930000,99.940000
130164,99.930000,99.940000
130192,99.930000,99.940000
130204,99.930000,99.940000
130229,99.930000,99.940000
130248,99.930000,99.940000
130256,99.930000,99.940000
130402,99.910000,99.930000
130410,99.910000,99.930000
130424,99.910000,99.930000
130479,99.910000,99.930000
130513,99.910000,99.930000
130564,99.910000,99.930000
130577,99.910000,99.930000
130645,99.910000,99.930000
130667,99.910000,99.930000
130687,99.910000,99.930000
130764,99.920000,99.930000
130797,99.920000,99.930000
130836,99.920000,99.930000
130855,99.920000,99.930000
130874,99.920000,99.930000
130974,99.920000,99.930000
130979,99.910000,99.930000
131113,99.910000,99.930000
131223,99.910000,99.930000
131267,99.910000,99.930000
131300,99.910000,99.940000
131338,99.910000,99.940000
131477,99.910000,99.920000
131508,99.910000,99.920000
131542,99.910000,99.920000
131587,99.910000,99.920000
131625,99.910000,99.940000
131744,99.910000,99.940000
131868,99.910000,99.940000
131902,99.910000,99.940000
131967,99.920000,99.940000
131983,99.920000,99.940000
132084,99.940000,99.950000
132092,99.940000,99.950000
132096,99.940000,99.950000
132103,99.940000,99.950000
132107,99.940000,99.950000
132126,99.940000,99.950000
132214,99.940000,99.950000
132320,99.940000,99.950000
132379,99.940000,99.950000
132391,99.940000,99.950000
132452,99.940000,99.950000
132608,99.940000,99.950000
132632,99.940000,99.950000
132656,99.940000,99.950000
132777,99.940000,99.950000
133063,99.940000,99.950000
133068,99.940000,99.950000
133179,99.940000,99.950000
133282,99.940000,99.950000
133478,99.940000,99.950000
133614,99.930000,99.950000
133684,99.930000,99.950000
133687,99.930000,99.950000
133687,99.930000,99.950000
133717,99.930000,99.950000
133806,99.930000,99.950000
133916,99.920000,99.950000
133951,99.920000,99.950000
133973,99.920000,99.950000
133974,99.920000,99.950000
134010,99.960000,99.960000
134025,99.960000,99.960000
134027,99.960000,99.960000
134028,99.960000,99.960000
134036,99.960000,99.960000
134084,99.960000,99.960000
134109,99.960000,99.960000
134127,99.960000,99.960000
134139,99.960000,99.960000
134167,99.960000,99.960000
134226,99.960000,99.960000
134338,99.960000,99.960000
134377,99.960000,99.960000
134411,99.960000,99.960000
134422,99.960000,99.960000
134506,99.960000,99.960000
134513,99.960000,99.960000
134530,99.960000,99.960000
134530,99.960000,99.960000
134607,99.960000,99.960000
134617,99.960000,99.960000
134636,99.950000,99.960000
134647,99.950000,99.960000
134679,99.950000,99.960000
134685,99.950000,99.960000
134840,99.950000,99.960000
134921,99.950000,99.960000
134952,99.950000,99.960000
135021,99.950000,99.960000
135115,99.950000,99.960000
135187,99.950000,99.960000
135264,99.950000,99.960000
135274,99.950000,99.960000
135332,99.950000,99.960000
135404,99.950000,99.960000
135483,99.950000,99.960000
135525,99.950000,99.960000
135533,99.950000,99.960000
135589,99.950000,99.960000
135655,99.950000,99.960000
135670,99.950000,99.960000
135727,99.950000,99.960000
135768,99.950000,99.960000
135776,99.950000,99.960000
135787,99.950000,99.960000
135830,99.950000,99.960000
135859,99.950000,99.960000
135911,99.950000,99.960000
136038,99.950000,99.960000
136072,99.950000,99.960000
136194,99.940000,99.960000
136225,99.940000,99.960000
136285,99.940000,99.960000
136469,99.940000,99.960000
136472,99.940000,99.960000
136479,99.940000,99.960000
136488,99.940000,99.960000
136508,99.940000,99.960000
136518,99.940000,99.950000
136687,99.930000,99.950000
136737,99.930000,99.950000
136764,99.930000,99.950000
136821,99.930000,99.950000
136846,99.930000,99.950000
136850,99.930000,99.950000
136943,99.930000,99.950000
136994,99.930000,99.950000
137027,99.930000,99.950000
137038,99.930000,99.950000
137186,99.930000,99.950000
137255,99.930000,99.950000
137314,99.930000,99.950000
137361,99.930000,99.950000
137459,99.930000,99.950000
137562,99.930000,99.950000
137601,99.930000,99.950000
137606,99.930000,99.950000
137617,99.930000,99.960000
137619,99.920000,99.960000
137632,99.920000,99.960000
137635,99.920000,99.960000
137680,99.920000,99.960000
137714,99.920000,99.960000
137934,99.910000,99.960000
138126,99.910000,99.960000
138284,99.910000,99.960000
138293,99.910000,99.960000
138365,99.910000,99.960000
138413,99.910000,99.960000
138484,99.910000,99.960000
138504,99.910000,99.960000
138567,99.910000,99.960000
138579,99.910000,99.960000
138830,99.910000,99.960000
138831,99.910000,99.950000
138845,99.910000,99.950000
138853,99.910000,99.950000
138929,99.910000,99.950000
138972,99.910000,99.950000
139055,99.910000,99.950000
139059,99.910000,99.950000
139072,99.910000,99.950000
139157,99.910000,99.940000
139193,99.910000,99.940000
139212,99.910000,99.930000
139217,99.910000,99.940000
139226,99.910000,99.940000
139250,99.910000,99.940000
139281,99.910000,99.940000
139303,99.910000,99.940000
139316,99.910000,99.940000
139407,99.910000,99.940000
139417,99.910000,99.940000
139457,99.910000,99.940000
139487,99.910000,99.940000
139614,99.910000,99.940000
139646,99.910000,99.940000
139783,99.910000,99.940000
139798,99.910000,99.940000
139810,99.910000,99.940000
139824,99.910000,99.940000
139891,99.910000,99.940000
139895,99.910000,99.930000
139928,99.910000,99.930000
139989,99.910000,99.930000
140012,99.910000,99.930000
140088,99.910000,99.930000
140131,99.910000,99.930000
140245,99.910000,99.930000
140279,99.910000,99.930000
140388,99.910000,99.930000
140464,99.910000,99.930000
140554,99.910000,99.930000
140636,99.910000,99.930000
140675,99.910000,99.930000
140782,99.910000,99.930000
140794,99.910000,99.930000
140907,99.910000,99.930000
140992,99.910000,99.930000
141079,99.910000,99.930000
141123,99.910000,99.930000
141123,99.910000,99.930000
141284,99.910000,99.930000
141285,99.910000,99.930000
141443,99.910000,99.930000
141496,99.910000,99.930000
141723,99.910000,99.930000
141806,99.910000,99.930000
141931,99.910000,99.930000
142363,99.910000,99.930000
142379,99.910000,99.940000
142482,99.910000,99.940000
142493,99.910000,99.940000
142594,99.910000,99.940000
142607,99.910000,99.940000
142662,99.900000,99.940000
142692,99.900000,99.940000
142760,99.900000,99.950000
142773,99.900000,99.950000
142847,99.900000,99.950000
142898,99.900000,99.950000
142905,99.900000,99.950000
143039,99.900000,99.950000
143078,99.900000,99.950000
143090,99.900000,99.950000
143193,99.900000,99.950000
143269,99.900000,99.950000
143298,99.900000,99.950000
143305,99.900000,99.950000
143324,99.900000,99.950000
143426,99.900000,99.950000
143651,99.900000,99.950000
143796,99.900000,99.950000
143842,99.900000,99.950000
143871,99.900000,99.950000
143962,99.900000,99.950000
143964,99.900000,99.950000
143978,99.900000,99.950000
143979,99.900000,99.950000
143985,99.900000,99.950000
144023,99.900000,99.950000
144034,99.900000,99.950000
144040,99.900000,99.950000
144055,99.900000,99.950000
144140,99.900000,99.950000
144162,99.900000,99.950000
144172,99.900000,99.950000
144177,99.900000,99.940000
144187,99.900000,99.940000
144216,99.900000,99.940000
144237,99.900000,99.940000
144280,99.900000,99.920000
144303,99.900000,99.920000
144314,99.900000,99.920000
144418,99.900000,99.920000
144434,99.900000,99.920000
144438,99.900000,99.920000
144465,99.900000,99.920000
144477,99.900000,99.920000
144504,99.900000,99.920000
144619,99.900000,99.920000
144704,99.900000,99.920000
144747,99.900000,99.920000
144839,99.900000,99.920000
144909,99.900000,99.920000
145032,99.900000,99.920000
145033,99.900000,99.920000
145060,99.900000,99.920000
145134,99.900000,99.920000
145221,99.900000,99.920000
145230,99.900000,99.920000
145323,99.900000,99.920000
145338,99.900000,99.920000
145403,99.900000,99.920000
145566,99.900000,99.920000
145602,99.900000,99.920000
145608,99.900000,99.920000
145622,99.900000,99.920000
145640,99.900000,99.920000
145695,99.900000,99.920000
145769,99.900000,99.920000
145790,99.900000,99.920000
145831,99.900000,99.920000
145899,99.900000,99.920000
145922,99.900000,99.920000
145966,99.900000,99.920000
146040,99.900000,99.920000
146090,99.900000,99.920000
146126,99.900000,99.910000
146153,99.900000,99.910000
146196,99.900000,99.910000
146235,99.900000,99.910000
146315,99.900000,99.910000
146407,99.900000,99.910000
146514,99.900000,99.910000
146566,99.900000,99.910000
146670,99.900000,99.910000
146671,99.900000,99.910000
146685,99.900000,99.910000
146709,99.900000,99.910000
146736,99.900000,99.910000
146753,99.900000,99.910000
146774,99.900000,99.910000
146785,99.900000,99.910000
146834,99.900000,99.910000
146919,99.900000,99.910000
146966,99.900000,99.910000
146993,99.900000,99.910000
147014,99.900000,99.910000
147028,99.900000,99.910000
147058,99.900000,99.910000
147095,99.900000,99.910000
147133,99.900000,99.910000
147186,99.900000,99.910000
147189,99.900000,99.910000
147201,99.900000,99.910000
147252,99.900000,99.910000
147303,99.900000,99.910000
147321,99.900000,99.910000
147334,99.900000,99.910000
147340,99.900000,99.910000
147520,99.900000,99.910000
147520,99.900000,99.910000
147525,99.900000,99.910000
147599,99.900000,99.910000
147661,99.900000,99.910000
147756,99.900000,99.910000
147766,99.900000,99.910000
147837,99.900000,99.910000
147928,99.900000,99.910000
147938,99.900000,99.910000
147955,99.900000,99.910000
148030,99.900000,99.910000
148049,99.900000,99.910000
148064,99.900000,99.910000
148086,99.900000,99.910000
148106,99.900000,99.910000
148120,99.900000,99.910000
148123,99.900000,99.910000
148141,99.900000,99.910000
148146,99.900000,99.910000
148286,99.900000,99.910000
148344,99.900000,99.910000
148352,99.900000,99.910000
148381,99.900000,99.910000
148392,99.900000,99.910000
148395,99.900000,99.910000
148639,99.900000,99.910000
148699,99.900000,99.910000
148704,99.890000,99.910000
148718,99.890000,99.910000
148975,99.890000,99.910000
149007,99.890000,99.910000
149072,99.890000,99.900000
149123,99.890000,99.900000
149171,99.890000,99.900000
149232,99.890000,99.900000
149250,99.890000,99.900000
149275,99.890000,99.900000
149300,99.890000,99.900000
149352,99.890000,99.900000
149364,99.890000,99.900000
149372,99.890000,99.900000
149402,99.890000,99.900000
149489,99.890000,99.900000
149497,99.890000,99.900000
149546,99.890000,99.900000
149563,99.890000,99.900000
149585,99.890000,99.900000
149781,99.890000,99.900000
149815,99.890000,99.900000
149842,99.890000,99.900000
149894,99.890000,99.900000
150152,99.890000,99.900000
150152,99.890000,99.900000
150157,99.890000,99.900000
150171,99.890000,99.900000
150176,99.890000,99.900000
150240,99.890000,99.900000
150269,99.890000,99.900000
150377,99.890000,99.900000
150433,99.890000,99.900000
150443,99.890000,99.900000
150540,99.890000,99.900000
150554,99.890000,99.900000
150561,99.890000,99.900000
150645,99.890000,99.900000
150674,99.890000,99.900000
150681,99.890000,99.900000
150691,99.890000,99.900000
150695,99.890000,99.900000
150714,99.890000,99.900000
150837,99.890000,99.900000
150997,99.890000,99.900000
151073,99.890000,99.910000
151182,99.890000,99.910000
151312,99.890000,99.910000
151332,99.890000,99.910000
151397,99.890000,99.910000
151499,99.890000,99.910000
151629,99.890000,99.910000
151830,99.890000,99.910000
151849,99.890000,99.910000
151882,99.890000,99.910000
151943,99.890000,99.910000
152044,99.890000,99.910000
152062,99.890000,99.910000
152069,99.890000,99.910000
152204,99.890000,99.910000
152234,99.890000,99.910000
152271,99.890000,99.910000
