fill_id,order_id,timestamp,side,price,quantity,is_maker
1,4,129.316,SELL,99.96,5,0
2,4,129.316,SELL,99.94,3,0
3,16,814.608,SELL,99.97,8,0
4,16,814.608,SELL,99.96,1,0
5,20,1069.01,BUY,99.99,10,0
6,21,1140.49,BUY,99.99,5,0
7,21,1140.49,BUY,100,4,0
8,25,1242.42,SELL,99.99,4,0
9,31,1784.95,SELL,99.99,4,0
10,34,1972.28,BUY,100,7,0
11,34,1972.28,BUY,100.01,4,0
12,43,2703.77,SELL,99.99,5,0
13,44,2747.45,SELL,99.98,9,0
14,44,2747.45,SELL,99.98,5,0
15,44,2747.45,SELL,99.96,3,0
16,66,3680.32,BUY,99.98,8,0
17,71,3908.5,BUY,99.98,6,0
18,74,3987.57,BUY,99.98,3,0
19,76,4097.98,BUY,99.98,5,0
20,79,4196.41,BUY,99.98,11,0
21,91,4654.43,SELL,99.99,10,0
22,92,4822.76,SELL,99.99,2,0
23,92,4822.76,SELL,99.96,2,0
24,97,5010.92,SELL,99.99,7,0
25,100,5286.85,SELL,99.99,11,0
26,100,5286.85,SELL,99.96,4,0
27,100,5286.85,SELL,99.96,4,0
28,109,5915.86,SELL,99.97,9,0
29,109,5915.86,SELL,99.97,1,0
30,117,6647.47,SELL,99.98,15,0
31,129,7090.33,BUY,99.99,4,0
32,132,7382.5,SELL,99.98,2,0
33,132,7382.5,SELL,99.98,4,0
34,132,7382.5,SELL,99.97,3,0
35,138,7693.32,SELL,99.98,15,0
36,140,7935.12,BUY,99.99,4,0
37,140,7935.12,BUY,99.99,6,0
38,140,7935.12,BUY,100,2,0
39,140,7935.12,BUY,100,2,0
40,151,8454.31,SELL,99.99,9,0
41,151,8454.31,SELL,99.98,3,0
42,161,8783.58,SELL,99.97,8,0
43,163,8818.36,BUY,99.98,9,0
44,163,8818.36,BUY,99.98,1,0
45,164,8859.27,SELL,99.97,10,0
46,164,8859.27,SELL,99.97,5,0
47,164,8859.27,SELL,99.97,9,0
48,166,8960.36,BUY,99.98,9,0
49,168,9014.6,BUY,99.98,9,0
50,169,9098.98,BUY,99.99,5,0
51,175,9460.13,SELL,99.99,19,0
52,176,9522.78,BUY,99.99,11,0
53,177,9545.4,SELL,99.99,8,0
54,178,9597.5,SELL,99.97,6,0
55,178,9597.5,SELL,99.97,7,0
56,180,9833.45,SELL,99.97,7,0
57,180,9833.45,SELL,99.97,5,0
58,180,9833.45,SELL,99.97,1,0
59,186,10049.4,SELL,99.99,3,0
60,186,10049.4,SELL,99.97,3,0
61,190,10432.7,BUY,99.99,7,0
62,190,10432.7,BUY,99.99,3,0
63,193,10738.6,BUY,99.99,5,0
64,193,10738.6,BUY,100,10,0
65,193,10738.6,BUY,100,6,0
66,207,11245.3,BUY,100,14,0
67,207,11245.3,BUY,100,4,0
68,208,11284.7,BUY,100,3,0
69,208,11284.7,BUY,100,4,0
70,208,11284.7,BUY,100,6,0
71,209,11330.9,BUY,100,1,0
72,209,11330.9,BUY,100,5,0
73,209,11330.9,BUY,100.01,6,0
74,210,11411.6,BUY,100.01,17,0
75,211,11413.4,BUY,100.01,3,0
76,211,11413.4,BUY,100.01,5,0
77,215,11868.4,BUY,100.01,4,0
78,215,11868.4,BUY,100.01,8,0
79,215,11868.4,BUY,100.01,4,0
80,217,11921.1,BUY,100.01,2,0
81,217,11921.1,BUY,100.01,4,0
82,217,11921.1,BUY,100.01,4,0
83,218,11963.5,BUY,100.01,6,0
84,218,11963.5,BUY,100.01,10,0
85,219,12036.8,BUY,100.01,2,0
86,219,12036.8,BUY,100.01,6,0
87,220,12068.2,SELL,99.98,7,0
88,220,12068.2,SELL,99.98,14,0
89,226,12346,SELL,100,4,0
90,229,12484.2,BUY,100.01,11,0
91,229,12484.2,BUY,100.01,8,0
92,234,13073.2,SELL,100,5,0
93,234,13073.2,SELL,100,6,0
94,241,13306.8,SELL,100,6,0
95,241,13306.8,SELL,99.98,6,0
96,242,13454.8,BUY,100.01,6,0
97,242,13454.8,BUY,100.01,2,0
98,265,14344.4,SELL,100,11,0
99,267,14390.3,SELL,100,3,0
100,267,14390.3,SELL,100,8,0
101,275,14841.8,BUY,100.01,2,0
102,275,14841.8,BUY,100.01,7,0
103,275,14841.8,BUY,100.01,6,0
104,283,15405.7,SELL,100,13,0
105,294,15963,SELL,100,16,0
106,295,15996,BUY,100.01,9,0
107,295,15996,BUY,100.01,2,0
108,296,16033.7,SELL,100,14,0
109,296,16033.7,SELL,100,7,0
110,296,16033.7,SELL,100,6,0
111,298,16130.3,SELL,100,6,0
112,298,16130.3,SELL,99.99,5,0
113,298,16130.3,SELL,99.99,12,0
114,298,16130.3,SELL,99.99,1,0
115,300,16170.2,SELL,99.99,10,0
116,302,16262.8,SELL,99.99,14,0
117,305,16385.7,SELL,99.99,1,0
118,305,16385.7,SELL,99.98,6,0
119,306,16406.5,SELL,99.98,2,0
120,306,16406.5,SELL,99.98,10,0
121,306,16406.5,SELL,99.98,7,0
122,307,16436.5,SELL,99.98,5,0
123,309,16527.7,SELL,99.98,5,0
124,309,16527.7,SELL,99.97,3,0
125,311,16556.6,SELL,99.97,2,0
126,311,16556.6,SELL,99.97,5,0
127,313,16639.1,BUY,99.99,9,0
128,314,16672.2,SELL,99.97,11,0
129,314,16672.2,SELL,99.97,3,0
130,320,17167.1,SELL,99.97,12,0
131,323,17259,BUY,99.98,3,0
132,323,17259,BUY,99.99,2,0
133,325,17273.7,SELL,99.97,11,0
134,325,17273.7,SELL,99.97,1,0
135,326,17286.2,SELL,99.97,4,0
136,326,17286.2,SELL,99.96,9,0
137,329,17613.2,BUY,99.99,4,0
138,329,17613.2,BUY,100,4,0
139,331,17724.7,SELL,99.96,6,0
140,331,17724.7,SELL,99.96,7,0
141,332,17791.6,SELL,99.96,3,0
142,332,17791.6,SELL,99.96,10,0
143,337,17981.5,SELL,99.96,5,0
144,337,17981.5,SELL,99.96,4,0
145,339,18062,SELL,99.96,3,0
146,339,18062,SELL,99.96,3,0
147,342,18154,SELL,99.96,4,0
148,342,18154,SELL,99.96,13,0
149,359,19581.4,BUY,99.97,12,0
150,361,19688.6,BUY,99.97,8,0
151,362,19766.9,SELL,99.96,1,0
152,362,19766.9,SELL,99.96,9,0
153,362,19766.9,SELL,99.96,4,0
154,372,20132.4,SELL,99.96,4,0
155,372,20132.4,SELL,99.96,5,0
156,372,20132.4,SELL,99.96,6,0
157,382,20776.8,BUY,99.97,14,0
158,392,21643.9,SELL,99.96,22,0
159,393,21648.8,SELL,99.96,2,0
160,393,21648.8,SELL,99.96,11,0
161,393,21648.8,SELL,99.96,9,0
162,395,21729.3,BUY,99.97,1,0
163,395,21729.3,BUY,99.97,2,0
164,395,21729.3,BUY,99.97,9,0
165,396,21746.8,SELL,99.96,7,0
166,396,21746.8,SELL,99.96,1,0
167,406,22790.5,SELL,99.96,3,0
168,408,22803.4,SELL,99.96,12,0
169,412,23344.3,SELL,99.96,4,0
170,412,23344.3,SELL,99.95,7,0
171,412,23344.3,SELL,99.95,3,0
172,419,23731.3,BUY,99.96,8,0
173,420,23861.2,SELL,99.95,5,0
174,421,23901.1,BUY,99.96,6,0
175,421,23901.1,BUY,99.97,7,0
176,421,23901.1,BUY,99.97,5,0
177,421,23901.1,BUY,99.97,6,0
178,428,24194.4,BUY,99.96,6,0
179,428,24194.4,BUY,99.96,7,0
180,428,24194.4,BUY,99.97,1,0
181,429,24402.3,BUY,99.97,3,0
182,429,24402.3,BUY,99.97,6,0
183,429,24402.3,BUY,99.97,3,0
184,429,24402.3,BUY,99.98,8,0
185,429,24402.3,BUY,99.98,2,0
186,430,24417.2,BUY,99.98,10,0
187,430,24417.2,BUY,99.98,1,0
188,431,24514.3,SELL,99.95,4,0
189,431,24514.3,SELL,99.95,12,0
190,432,24590.4,SELL,99.95,4,0
191,432,24590.4,SELL,99.95,8,0
192,434,24778.9,SELL,99.95,11,0
193,435,24795,SELL,99.95,12,0
194,435,24795,SELL,99.95,6,0
195,440,25047.8,SELL,99.95,6,0
196,456,25797.3,SELL,99.95,4,0
197,456,25797.3,SELL,99.95,10,0
198,458,25848.5,BUY,99.96,5,0
199,458,25848.5,BUY,99.97,1,0
200,463,26019.4,BUY,99.97,7,0
201,463,26019.4,BUY,99.97,1,0
202,464,26054.3,BUY,99.97,9,0
203,466,26239.4,SELL,99.95,4,0
204,466,26239.4,SELL,99.95,6,0
205,468,26346.5,BUY,99.97,12,0
206,468,26346.5,BUY,99.97,2,0
207,470,26388.4,BUY,99.97,2,0
208,470,26388.4,BUY,99.98,9,0
209,474,26681.1,BUY,99.98,6,0
210,474,26681.1,BUY,99.98,1,0
211,476,26923.8,BUY,99.98,10,0
212,476,26923.8,BUY,99.98,2,0
213,476,26923.8,BUY,99.98,17,0
214,479,26986.7,BUY,99.98,4,0
215,479,26986.7,BUY,99.99,7,0
216,479,26986.7,BUY,99.99,1,0
217,482,27172.9,SELL,99.97,5,0
218,482,27172.9,SELL,99.95,2,0
219,485,27318.5,BUY,99.99,22,0
220,485,27318.5,BUY,99.99,3,0
221,486,27350.2,BUY,99.99,8,0
222,486,27350.2,BUY,99.99,2,0
223,495,27821.3,SELL,99.97,3,0
224,506,28364.6,SELL,99.98,7,0
225,506,28364.6,SELL,99.97,4,0
226,511,28748.2,BUY,99.99,5,0
227,512,28763.5,SELL,99.97,2,0
228,512,28763.5,SELL,99.97,4,0
229,514,28843.6,SELL,99.98,16,0
230,515,29000.9,BUY,99.99,11,0
231,517,29092.1,BUY,99.99,8,0
232,521,29221,BUY,99.99,2,0
233,521,29221,BUY,99.99,8,0
234,521,29221,BUY,99.99,2,0
235,523,29282.6,BUY,99.99,7,0
236,523,29282.6,BUY,100,6,0
237,526,29362.2,BUY,100,12,0
238,528,29547.8,BUY,100,4,0
239,528,29547.8,BUY,100,2,0
240,531,29745,BUY,100,15,0
241,533,29758.5,BUY,100,2,0
242,533,29758.5,BUY,100,6,0
243,535,29859.6,BUY,100,3,0
244,535,29859.6,BUY,100,4,0
245,542,30182.2,SELL,99.98,1,0
246,542,30182.2,SELL,99.97,1,0
247,542,30182.2,SELL,99.97,8,0
248,548,30525.4,BUY,100,7,0
249,548,30525.4,BUY,100,17,0
250,550,30554.7,BUY,100,7,0
251,550,30554.7,BUY,100,5,0
252,551,30565,BUY,100.01,8,0
253,553,30628.1,BUY,100.01,9,0
254,553,30628.1,BUY,100.01,2,0
255,557,30787.9,BUY,100.01,6,0
256,557,30787.9,BUY,100.01,3,0
257,558,30800.9,BUY,100.01,7,0
258,558,30800.9,BUY,100.01,3,0
259,563,30948.8,BUY,100.01,5,0
260,563,30948.8,BUY,100.01,5,0
261,568,31071.5,BUY,100.01,10,0
262,578,31752,BUY,100.01,3,0
263,578,31752,BUY,100.01,3,0
264,579,31764.5,BUY,100.01,7,0
265,580,31824.8,BUY,100.01,4,0
266,580,31824.8,BUY,100.01,11,0
267,583,31946.8,BUY,100.01,8,0
268,583,31946.8,BUY,100.01,6,0
269,587,32142.6,BUY,100.01,8,0
270,587,32142.6,BUY,100.01,2,0
271,588,32143,BUY,100.01,4,0
272,594,32524.5,BUY,100.01,8,0
273,594,32524.5,BUY,100.01,10,0
274,597,32647.8,BUY,100.01,7,0
275,598,32722.3,BUY,100.01,3,0
276,598,32722.3,BUY,100.01,3,0
277,598,32722.3,BUY,100.01,6,0
278,600,32735.6,BUY,100.01,8,0
279,603,32866.2,BUY,100.02,20,0
280,603,32866.2,BUY,100.02,4,0
281,604,32867.5,BUY,100.02,5,0
282,604,32867.5,BUY,100.02,6,0
283,606,33039,BUY,100.02,1,0
284,606,33039,BUY,100.02,1,0
285,609,33222.3,BUY,100.02,7,0
286,610,33222.4,BUY,100.02,13,0
287,610,33222.4,BUY,100.02,6,0
288,610,33222.4,BUY,100.02,5,0
289,615,33404.9,SELL,100.01,9,0
290,616,33465.2,BUY,100.02,1,0
291,616,33465.2,BUY,100.02,16,0
292,616,33465.2,BUY,100.02,3,0
293,617,33471.9,BUY,100.02,6,0
294,617,33471.9,BUY,100.02,4,0
295,621,33770.1,BUY,100.02,8,0
296,625,33908.1,BUY,100.02,7,0
297,625,33908.1,BUY,100.02,2,0
298,627,34221.3,BUY,100.02,16,0
299,629,34381.6,BUY,100.02,1,0
300,629,34381.6,BUY,100.02,5,0
301,639,34890.3,SELL,100.01,11,0
302,639,34890.3,SELL,100,13,0
303,639,34890.3,SELL,100,2,0
304,644,35210.4,SELL,100,18,0
305,644,35210.4,SELL,100,4,0
306,648,35527.3,BUY,100.02,1,0
307,648,35527.3,BUY,100.02,9,0
308,651,35786.8,SELL,100,9,0
309,651,35786.8,SELL,99.99,8,0
310,664,36507.8,SELL,99.99,1,0
311,664,36507.8,SELL,99.99,3,0
312,664,36507.8,SELL,99.99,5,0
313,665,36603.3,SELL,99.99,5,0
314,665,36603.3,SELL,99.99,24,0
315,667,36627.5,BUY,100,6,0
316,667,36627.5,BUY,100.02,12,0
317,667,36627.5,BUY,100.02,1,0
318,668,36661.2,BUY,100.02,7,0
319,668,36661.2,BUY,100.02,6,0
320,670,36687.4,BUY,100,11,0
321,670,36687.4,BUY,100.02,2,0
322,670,36687.4,BUY,100.02,1,0
323,674,36807.3,SELL,99.99,11,0
324,676,36844,SELL,99.99,13,0
325,678,36935.8,SELL,99.99,10,0
326,687,37338,SELL,99.98,6,0
327,688,37400.1,BUY,99.99,18,0
328,693,37677.7,SELL,99.98,4,0
329,693,37677.7,SELL,99.98,6,0
330,695,37769.1,BUY,99.99,3,0
331,695,37769.1,BUY,100.02,5,0
332,695,37769.1,BUY,100.02,4,0
333,696,37865.2,SELL,99.98,1,0
334,696,37865.2,SELL,99.98,5,0
335,699,37999,SELL,99.98,1,0
336,704,38064,BUY,99.98,6,0
337,704,38064,BUY,99.99,1,0
338,708,38242.5,SELL,99.97,10,0
339,712,38337.7,BUY,99.98,6,0
340,712,38337.7,BUY,99.99,9,0
341,712,38337.7,BUY,100.01,4,0
342,712,38337.7,BUY,100.02,6,0
343,712,38337.7,BUY,100.02,11,0
344,712,38337.7,BUY,100.02,1,0
345,714,38493,SELL,99.97,3,0
346,714,38493,SELL,99.97,6,0
347,717,38580.1,SELL,99.97,1,0
348,717,38580.1,SELL,99.97,3,0
349,717,38580.1,SELL,99.97,8,0
350,719,38641.1,SELL,99.97,4,0
351,719,38641.1,SELL,99.97,7,0
352,720,38659.8,SELL,99.97,5,0
353,722,38693.8,SELL,99.97,4,0
354,722,38693.8,SELL,99.97,8,0
355,722,38693.8,SELL,99.97,8,0
356,722,38693.8,SELL,99.96,20,0
357,723,38697.9,SELL,99.96,16,0
358,723,38697.9,SELL,99.96,12,0
359,726,38745.4,SELL,99.96,20,0
360,731,39175.2,SELL,99.96,12,0
361,737,39432,SELL,99.96,8,0
362,740,39591.6,BUY,99.97,12,0
363,743,39761.8,BUY,99.97,1,0
364,743,39761.8,BUY,99.97,12,0
365,768,41299.4,SELL,99.98,4,0
366,769,41313.8,BUY,99.99,13,0
367,771,41467,BUY,100,10,0
368,774,41937.1,BUY,100,1,0
369,774,41937.1,BUY,100,8,0
370,775,41965.9,BUY,100,5,0
371,775,41965.9,BUY,100,1,0
372,777,42065.2,BUY,100,8,0
373,777,42065.2,BUY,100,6,0
374,778,42206,BUY,100,3,0
375,778,42206,BUY,100.01,6,0
376,778,42206,BUY,100.01,1,0
377,780,42415,BUY,100.01,5,0
378,780,42415,BUY,100.01,7,0
379,780,42415,BUY,100.01,1,0
380,784,42509.1,SELL,99.99,3,0
381,784,42509.1,SELL,99.98,11,0
382,784,42509.1,SELL,99.98,3,0
383,788,42689.1,SELL,99.98,6,0
384,790,42802.3,SELL,99.98,9,0
385,790,42802.3,SELL,99.96,1,0
386,792,42934.7,BUY,100.01,8,0
387,793,42966.6,BUY,100.01,9,0
388,793,42966.6,BUY,100.01,12,0
389,793,42966.6,BUY,100.02,1,0
390,797,43278.5,BUY,100.02,8,0
391,797,43278.5,BUY,100.02,12,0
392,808,44029.7,BUY,100.01,7,0
393,819,44724.4,BUY,100.01,6,0
394,819,44724.4,BUY,100.02,6,0
395,827,45123.2,BUY,100.01,11,0
396,829,45298.4,SELL,100,15,0
397,829,45298.4,SELL,99.99,3,0
398,832,45680.4,BUY,100.01,10,0
399,833,45815.7,SELL,99.99,3,0
400,835,45866.5,SELL,99.99,6,0
401,844,46143.6,SELL,99.99,16,0
402,857,46531.9,SELL,99.99,25,0
403,859,46591.3,SELL,99.99,3,0
404,859,46591.3,SELL,99.99,11,0
405,859,46591.3,SELL,99.99,5,0
406,859,46591.3,SELL,99.98,5,0
407,860,46688.5,SELL,99.98,13,0
408,861,46725.5,BUY,100,7,0
409,862,46915.3,BUY,100,11,0
410,862,46915.3,BUY,100.01,3,0
411,862,46915.3,BUY,100.01,7,0
412,865,47088.1,SELL,99.98,7,0
413,865,47088.1,SELL,99.98,2,0
414,866,47121.7,BUY,100.01,42,0
415,868,47161.2,SELL,99.98,4,0
416,868,47161.2,SELL,99.98,10,0
417,870,47200.6,SELL,99.98,2,0
418,870,47200.6,SELL,99.98,2,0
419,888,47907.4,SELL,99.98,7,0
420,890,48196.2,SELL,99.98,1,0
421,890,48196.2,SELL,99.97,11,0
422,890,48196.2,SELL,99.97,5,0
423,890,48196.2,SELL,99.97,1,0
424,891,48213.9,SELL,99.97,4,0
425,893,48360.1,SELL,99.96,5,0
426,893,48360.1,SELL,99.96,11,0
427,895,48384.5,SELL,99.96,4,0
428,895,48384.5,SELL,99.96,8,0
429,896,48408,SELL,99.96,3,0
430,896,48408,SELL,99.96,4,0
431,897,48484.7,SELL,99.96,6,0
432,899,48621,SELL,99.96,2,0
433,899,48621,SELL,99.96,8,0
434,906,48928.2,BUY,99.97,4,0
435,909,49043.7,BUY,99.97,11,0
436,909,49043.7,BUY,99.98,1,0
437,911,49206.9,BUY,99.98,11,0
438,912,49338.7,SELL,99.96,7,0
439,912,49338.7,SELL,99.96,6,0
440,913,49437.7,SELL,99.96,4,0
441,913,49437.7,SELL,99.96,1,0
442,914,49464.8,BUY,99.98,4,0
443,914,49464.8,BUY,99.98,5,0
444,915,49508.5,SELL,99.96,5,0
445,915,49508.5,SELL,99.95,3,0
446,920,49752,SELL,99.95,8,0
447,920,49752,SELL,99.95,8,0
448,921,49767.3,SELL,99.95,2,0
449,921,49767.3,SELL,99.95,17,0
450,921,49767.3,SELL,99.95,3,0
451,924,49804.7,BUY,99.96,7,0
452,930,50197.6,SELL,99.95,7,0
453,931,50271.3,BUY,99.96,5,0
454,931,50271.3,BUY,99.98,1,0
455,932,50297,BUY,99.98,10,0
456,935,50431.5,SELL,99.95,1,0
457,935,50431.5,SELL,99.95,8,0
458,935,50431.5,SELL,99.95,7,0
459,935,50431.5,SELL,99.95,1,0
460,938,50533.8,SELL,99.95,24,0
461,940,50613.6,BUY,99.96,5,0
462,940,50613.6,BUY,99.98,7,0
463,941,50623.6,BUY,99.98,7,0
464,941,50623.6,BUY,99.98,10,0
465,942,50667.9,SELL,99.95,7,0
466,943,50736.6,SELL,99.95,10,0
467,944,50742.8,SELL,99.95,19,0
468,948,50824.1,SELL,99.95,9,0
469,949,50940.4,SELL,99.95,3,0
470,949,50940.4,SELL,99.95,12,0
471,949,50940.4,SELL,99.95,7,0
472,949,50940.4,SELL,99.95,2,0
473,950,50951.7,SELL,99.95,16,0
474,950,50951.7,SELL,99.95,7,0
475,950,50951.7,SELL,99.95,6,0
476,950,50951.7,SELL,99.95,10,0
477,951,50997,SELL,99.95,8,0
478,952,51061.4,SELL,99.95,3,0
479,952,51061.4,SELL,99.95,8,0
480,955,51172.5,SELL,99.95,5,0
481,958,51355.1,SELL,99.95,13,0
482,958,51355.1,SELL,99.95,5,0
483,971,52097.6,SELL,99.95,2,0
484,971,52097.6,SELL,99.95,4,0
485,980,52512.7,SELL,99.95,1,0
486,980,52512.7,SELL,99.95,7,0
487,980,52512.7,SELL,99.95,11,0
488,980,52512.7,SELL,99.95,14,0
489,980,52512.7,SELL,99.95,3,0
490,985,52728.2,SELL,99.95,8,0
491,989,52848.6,SELL,99.95,9,0
492,989,52848.6,SELL,99.95,4,0
493,1006,53639.8,SELL,99.95,4,0
494,1006,53639.8,SELL,99.95,9,0
495,1006,53639.8,SELL,99.95,5,0
496,1014,53955.5,SELL,99.95,3,0
497,1014,53955.5,SELL,99.95,5,0
498,1014,53955.5,SELL,99.95,2,0
499,1017,54040.1,BUY,99.96,2,0
500,1022,54148.5,BUY,99.96,9,0
501,1026,54262.9,SELL,99.95,5,0
502,1026,54262.9,SELL,99.95,8,0
503,1026,54262.9,SELL,99.95,2,0
504,1027,54280.4,SELL,99.95,2,0
505,1027,54280.4,SELL,99.95,12,0
506,1031,54409.5,SELL,99.95,6,0
507,1031,54409.5,SELL,99.95,6,0
508,1038,54704.9,SELL,99.95,7,0
509,1041,54730.8,SELL,99.95,4,0
510,1041,54730.8,SELL,99.95,4,0
511,1055,55106.3,BUY,99.95,1,0
512,1055,55106.3,BUY,99.95,12,0
513,1062,55289.2,SELL,99.94,9,0
514,1063,55306.4,BUY,99.95,3,0
515,1064,55426.7,BUY,99.96,1,0
516,1064,55426.7,BUY,99.96,3,0
517,1064,55426.7,BUY,99.96,3,0
518,1065,55451.4,BUY,99.96,6,0
519,1067,55570.9,BUY,99.96,2,0
520,1067,55570.9,BUY,99.96,4,0
521,1074,55970.4,SELL,99.96,2,0
522,1074,55970.4,SELL,99.94,13,0
523,1076,56070.5,SELL,99.94,11,0
524,1078,56258.5,BUY,99.96,23,0
525,1085,56548.3,SELL,99.95,20,0
526,1093,56918,SELL,99.95,8,0
527,1093,56918,SELL,99.95,5,0
528,1099,57295.7,SELL,99.95,3,0
529,1099,57295.7,SELL,99.94,1,0
530,1101,57383.5,SELL,99.94,5,0
531,1102,57391.9,BUY,99.96,2,0
532,1102,57391.9,BUY,99.96,7,0
533,1102,57391.9,BUY,99.97,1,0
534,1103,57425.7,SELL,99.94,2,0
535,1103,57425.7,SELL,99.94,8,0
536,1105,57491.5,SELL,99.94,5,0
537,1108,57566.6,BUY,99.97,8,0
538,1108,57566.6,BUY,99.97,6,0
539,1108,57566.6,BUY,99.97,8,0
540,1115,58023.2,SELL,99.94,6,0
541,1118,58130.1,SELL,99.94,1,0
542,1118,58130.1,SELL,99.94,10,0
543,1118,58130.1,SELL,99.94,2,0
544,1119,58149,SELL,99.94,4,0
545,1119,58149,SELL,99.94,1,0
546,1123,58379.7,SELL,99.94,4,0
547,1123,58379.7,SELL,99.94,20,0
548,1123,58379.7,SELL,99.94,7,0
549,1123,58379.7,SELL,99.94,2,0
550,1125,58437.8,BUY,99.97,12,0
551,1125,58437.8,BUY,99.97,3,0
552,1126,58493.7,SELL,99.94,3,0
553,1128,58570.4,SELL,99.94,7,0
554,1133,58729.5,SELL,99.94,6,0
555,1133,58729.5,SELL,99.94,1,0
556,1136,58908.7,SELL,99.94,10,0
557,1138,58988.8,SELL,99.94,14,0
558,1138,58988.8,SELL,99.94,1,0
559,1140,59085.3,SELL,99.94,11,0
560,1141,59142,SELL,99.94,5,0
561,1142,59152.8,SELL,99.94,4,0
562,1143,59253.3,SELL,99.94,3,0
563,1146,59330.1,SELL,99.94,1,0
564,1146,59330.1,SELL,99.94,6,0
565,1146,59330.1,SELL,99.94,5,0
566,1147,59331.8,SELL,99.94,7,0
567,1149,59464.1,BUY,99.95,4,0
568,1150,59519.3,BUY,99.95,12,0
569,1152,59563.7,BUY,99.95,7,0
570,1152,59563.7,BUY,99.97,7,0
571,1153,59647.5,SELL,99.94,3,0
572,1153,59647.5,SELL,99.94,14,0
573,1153,59647.5,SELL,99.94,2,0
574,1155,59783.1,BUY,99.97,1,0
575,1155,59783.1,BUY,99.97,8,0
576,1157,59789.6,SELL,99.94,2,0
577,1159,59819,SELL,99.94,4,0
578,1159,59819,SELL,99.94,18,0
579,1162,59904.7,SELL,99.94,4,0
580,1165,59985.8,BUY,99.97,4,0
581,1165,59985.8,BUY,99.97,4,0
582,1165,59985.8,BUY,99.98,3,0
583,1166,60036.9,SELL,99.94,1,0
584,1166,60036.9,SELL,99.94,11,0
585,1166,60036.9,SELL,99.94,3,0
586,1168,60146.2,SELL,99.94,1,0
587,1168,60146.2,SELL,99.94,6,0
588,1170,60183.9,SELL,99.94,7,0
589,1171,60207.7,SELL,99.94,13,0
590,1174,60289.5,BUY,99.96,4,0
591,1174,60289.5,BUY,99.98,3,0
592,1175,60332.4,SELL,99.94,9,0
593,1179,60623.1,BUY,99.98,9,0
594,1179,60623.1,BUY,99.98,7,0
595,1179,60623.1,BUY,99.98,4,0
596,1180,60775.4,SELL,99.94,4,0
597,1180,60775.4,SELL,99.94,2,0
598,1181,60848.1,SELL,99.94,3,0
599,1183,61027.2,SELL,99.94,4,0
600,1186,61073.4,SELL,99.94,7,0
601,1187,61083.5,SELL,99.94,7,0
602,1188,61092.3,SELL,99.94,6,0
603,1189,61099.5,SELL,99.94,6,0
604,1192,61179.7,BUY,99.98,5,0
605,1192,61179.7,BUY,99.98,7,0
606,1196,61306.5,SELL,99.94,8,0
607,1197,61311.3,SELL,99.94,2,0
608,1197,61311.3,SELL,99.94,10,0
609,1202,61454,SELL,99.94,11,0
610,1203,61459.6,BUY,99.97,13,0
611,1203,61459.6,BUY,99.98,2,0
612,1205,61560.7,BUY,99.98,1,0
613,1205,61560.7,BUY,99.98,4,0
614,1206,61575.2,SELL,99.94,4,0
615,1206,61575.2,SELL,99.94,1,0
616,1209,62043.1,SELL,99.94,7,0
617,1209,62043.1,SELL,99.94,6,0
618,1209,62043.1,SELL,99.94,3,0
619,1211,62137.1,SELL,99.94,7,0
620,1211,62137.1,SELL,99.94,9,0
621,1215,62160.9,SELL,99.94,1,0
622,1215,62160.9,SELL,99.94,15,0
623,1215,62160.9,SELL,99.94,23,0
624,1215,62160.9,SELL,99.94,11,0
625,1215,62160.9,SELL,99.94,11,0
626,1218,62367.8,SELL,99.94,5,0
627,1218,62367.8,SELL,99.94,9,0
628,1219,62484,SELL,99.94,7,0
629,1219,62484,SELL,99.94,9,0
630,1221,62542.8,BUY,99.98,1,0
631,1221,62542.8,BUY,99.98,5,0
632,1223,62668.6,BUY,99.98,7,0
633,1223,62668.6,BUY,99.98,8,0
634,1226,62902.2,SELL,99.94,4,0
635,1226,62902.2,SELL,99.94,13,0
636,1227,62908.8,BUY,99.98,4,0
637,1227,62908.8,BUY,99.99,2,0
638,1229,63052.6,SELL,99.94,20,0
639,1229,63052.6,SELL,99.94,2,0
640,1232,63366.1,SELL,99.94,9,0
641,1232,63366.1,SELL,99.93,8,0
642,1233,63400.7,SELL,99.93,13,0
643,1234,63425.5,SELL,99.93,1,0
644,1234,63425.5,SELL,99.93,7,0
645,1236,63492.4,SELL,99.93,8,0
646,1240,63772.6,BUY,99.99,13,0
647,1241,63838.6,SELL,99.93,1,0
648,1241,63838.6,SELL,99.93,5,0
649,1241,63838.6,SELL,99.93,6,0
650,1242,63929.5,BUY,99.99,2,0
651,1242,63929.5,BUY,99.99,7,0
652,1243,63933.5,SELL,99.93,3,0
653,1245,64003.1,BUY,99.96,8,0
654,1245,64003.1,BUY,99.99,6,0
655,1247,64074.8,SELL,99.93,3,0
656,1247,64074.8,SELL,99.93,13,0
657,1247,64074.8,SELL,99.93,3,0
658,1247,64074.8,SELL,99.93,6,0
659,1247,64074.8,SELL,99.93,2,0
660,1248,64081.4,SELL,99.93,3,0
661,1251,64214.3,SELL,99.93,6,0
662,1255,64247,SELL,99.93,5,0
663,1256,64314.6,BUY,99.99,11,0
664,1256,64314.6,BUY,99.99,7,0
665,1257,64416.2,SELL,99.93,3,0
666,1259,64734.6,SELL,99.93,1,0
667,1259,64734.6,SELL,99.93,5,0
668,1262,64980,SELL,99.93,4,0
669,1262,64980,SELL,99.93,4,0
670,1262,64980,SELL,99.93,7,0
671,1263,65194,SELL,99.93,1,0
672,1263,65194,SELL,99.93,2,0
673,1263,65194,SELL,99.93,1,0
674,1264,65196,SELL,99.93,4,0
675,1267,65423.1,SELL,99.93,7,0
676,1267,65423.1,SELL,99.93,15,0
677,1267,65423.1,SELL,99.93,5,0
678,1267,65423.1,SELL,99.93,5,0
679,1268,65444.5,SELL,99.93,7,0
680,1269,65604.9,SELL,99.93,6,0
681,1269,65604.9,SELL,99.93,4,0
682,1270,65637.2,SELL,99.93,2,0
683,1270,65637.2,SELL,99.93,3,0
684,1272,65689.5,SELL,99.93,9,0
685,1273,65751.8,SELL,99.93,2,0
686,1274,65756.6,SELL,99.93,2,0
687,1274,65756.6,SELL,99.93,8,0
688,1275,65833.2,SELL,99.93,5,0
689,1275,65833.2,SELL,99.93,4,0
690,1276,65909.6,BUY,99.99,9,0
691,1276,65909.6,BUY,99.99,7,0
692,1277,65929.2,SELL,99.93,10,0
693,1279,66058.6,BUY,99.96,14,0
694,1281,66175.2,SELL,99.93,4,0
695,1281,66175.2,SELL,99.93,9,0
696,1281,66175.2,SELL,99.93,6,0
697,1281,66175.2,SELL,99.93,4,0
698,1283,66315.4,SELL,99.93,6,0
699,1289,66561.3,SELL,99.93,7,0
700,1289,66561.3,SELL,99.93,1,0
701,1292,66685.3,SELL,99.93,8,0
702,1292,66685.3,SELL,99.93,2,0
703,1294,66730.8,BUY,99.94,9,0
704,1294,66730.8,BUY,99.96,5,0
705,1298,66871.8,BUY,99.96,4,0
706,1302,66999.2,SELL,99.95,5,0
707,1303,67100,BUY,99.95,5,0
708,1303,67100,BUY,99.96,4,0
709,1303,67100,BUY,99.97,4,0
710,1309,67289.2,SELL,99.93,7,0
711,1309,67289.2,SELL,99.93,4,0
712,1309,67289.2,SELL,99.93,6,0
713,1312,67313.2,SELL,99.93,2,0
714,1312,67313.2,SELL,99.93,3,0
715,1314,67460.1,BUY,99.94,10,0
716,1318,67617.1,SELL,99.93,5,0
717,1318,67617.1,SELL,99.93,5,0
718,1320,67682.9,BUY,99.94,1,0
719,1320,67682.9,BUY,99.96,5,0
720,1323,67987.1,SELL,99.93,5,0
721,1328,68247.7,SELL,99.93,1,0
722,1328,68247.7,SELL,99.93,4,0
723,1329,68285.2,SELL,99.93,9,0
724,1331,68331.7,BUY,99.96,6,0
725,1331,68331.7,BUY,99.96,2,0
726,1332,68483,BUY,99.96,5,0
727,1332,68483,BUY,99.97,9,0
728,1334,68518.7,SELL,99.93,2,0
729,1335,68529.5,SELL,99.93,13,0
730,1337,68540.6,SELL,99.93,7,0
731,1338,68617.6,SELL,99.93,10,0
732,1338,68617.6,SELL,99.93,3,0
733,1338,68617.6,SELL,99.93,17,0
734,1340,68715.2,SELL,99.93,1,0
735,1340,68715.2,SELL,99.93,1,0
736,1341,68715.7,SELL,99.93,6,0
737,1341,68715.7,SELL,99.93,1,0
738,1342,68801.1,SELL,99.93,7,0
739,1343,68806.1,SELL,99.93,2,0
740,1343,68806.1,SELL,99.93,8,0
741,1345,68812.7,BUY,99.94,9,0
742,1346,69069.2,SELL,99.93,13,0
743,1349,69239.2,SELL,99.93,1,0
744,1349,69239.2,SELL,99.93,14,0
745,1349,69239.2,SELL,99.92,12,0
746,1349,69239.2,SELL,99.92,8,0
747,1352,69263.1,SELL,99.92,5,0
748,1353,69308.1,SELL,99.92,4,0
749,1353,69308.1,SELL,99.92,3,0
750,1355,69353,SELL,99.92,2,0
751,1355,69353,SELL,99.92,3,0
752,1356,69403.7,SELL,99.92,7,0
753,1357,69422.3,SELL,99.92,5,0
754,1357,69422.3,SELL,99.92,8,0
755,1358,69433.4,SELL,99.92,4,0
756,1360,69512.1,SELL,99.92,6,0
757,1360,69512.1,SELL,99.92,3,0
758,1362,69531.5,SELL,99.92,8,0
759,1362,69531.5,SELL,99.92,3,0
760,1363,69548.9,SELL,99.92,14,0
761,1364,69620.8,SELL,99.92,4,0
762,1370,69798.6,SELL,99.92,6,0
763,1370,69798.6,SELL,99.92,12,0
764,1370,69798.6,SELL,99.92,8,0
765,1376,69990.1,SELL,99.92,4,0
766,1379,70286.6,SELL,99.92,7,0
767,1381,70383.8,BUY,99.93,8,0
768,1381,70383.8,BUY,99.93,8,0
769,1384,70700,BUY,99.93,7,0
770,1384,70700,BUY,99.94,12,0
771,1388,70894.1,SELL,99.92,1,0
772,1388,70894.1,SELL,99.92,7,0
773,1388,70894.1,SELL,99.92,5,0
774,1388,70894.1,SELL,99.92,3,0
775,1389,70982.1,SELL,99.92,4,0
776,1390,71078.1,SELL,99.92,4,0
777,1390,71078.1,SELL,99.92,9,0
778,1391,71109.9,BUY,99.93,9,0
779,1395,71563.7,SELL,99.92,7,0
780,1395,71563.7,SELL,99.92,3,0
781,1396,71591.9,BUY,99.93,8,0
782,1396,71591.9,BUY,99.94,7,0
783,1396,71591.9,BUY,99.94,4,0
784,1396,71591.9,BUY,99.97,1,0
785,1398,71718.4,BUY,99.98,4,0
786,1401,71839.8,SELL,99.92,6,0
787,1413,72335.9,SELL,99.92,1,0
788,1413,72335.9,SELL,99.92,5,0
789,1414,72375,SELL,99.92,3,0
790,1414,72375,SELL,99.92,4,0
791,1415,72389.4,BUY,99.93,11,0
792,1416,72404.8,SELL,99.92,4,0
793,1418,72466.5,SELL,99.92,7,0
794,1422,72653.6,SELL,99.92,4,0
795,1422,72653.6,SELL,99.92,3,0
796,1422,72653.6,SELL,99.92,2,0
797,1425,72912.3,SELL,99.92,9,0
798,1425,72912.3,SELL,99.92,4,0
799,1432,73279.9,SELL,99.92,8,0
800,1434,73421,BUY,99.93,4,0
801,1439,73845.8,BUY,99.93,3,0
802,1439,73845.8,BUY,99.93,10,0
803,1441,73889.2,SELL,99.92,8,0
804,1441,73889.2,SELL,99.92,2,0
805,1443,74008.8,BUY,99.93,3,0
806,1443,74008.8,BUY,99.93,7,0
807,1446,74261.4,BUY,99.95,9,0
808,1446,74261.4,BUY,99.96,3,0
809,1454,74669,BUY,99.96,10,0
810,1455,74719.4,BUY,99.96,2,0
811,1455,74719.4,BUY,99.96,2,0
812,1465,75049.6,BUY,99.96,4,0
813,1465,75049.6,BUY,99.96,7,0
814,1465,75049.6,BUY,99.96,7,0
815,1466,75102.8,BUY,99.96,5,0
816,1469,75345.4,BUY,99.96,15,0
817,1470,75347.1,BUY,99.96,6,0
818,1471,75451.8,BUY,99.96,6,0
819,1471,75451.8,BUY,99.98,4,0
820,1478,75712.6,BUY,99.98,3,0
821,1478,75712.6,BUY,99.99,7,0
822,1488,76145.3,SELL,99.96,9,0
823,1506,76731.3,BUY,99.97,3,0
824,1508,76834.5,SELL,99.96,2,0
825,1508,76834.5,SELL,99.96,6,0
826,1509,76889.1,BUY,99.96,1,0
827,1509,76889.1,BUY,99.97,2,0
828,1509,76889.1,BUY,99.97,17,0
829,1512,77054.3,SELL,99.95,14,0
830,1512,77054.3,SELL,99.95,3,0
831,1531,77650.3,SELL,99.95,9,0
832,1531,77650.3,SELL,99.94,2,0
833,1544,78182.1,BUY,99.96,8,0
834,1544,78182.1,BUY,99.96,2,0
835,1549,78473.3,SELL,99.94,8,0
836,1554,78725.7,BUY,99.96,4,0
837,1554,78725.7,BUY,99.97,5,0
838,1555,78741.3,SELL,99.96,4,0
839,1562,79176.9,BUY,99.97,8,0
840,1563,79200.6,BUY,99.97,3,0
841,1563,79200.6,BUY,99.97,8,0
842,1567,79383.1,BUY,99.97,23,0
843,1568,79433.7,BUY,99.97,6,0
844,1568,79433.7,BUY,99.97,9,0
845,1569,79579.2,BUY,99.97,2,0
846,1569,79579.2,BUY,99.97,9,0
847,1569,79579.2,BUY,99.97,5,0
848,1571,79677.4,SELL,99.96,12,0
849,1574,79817.9,SELL,99.96,6,0
850,1574,79817.9,SELL,99.95,3,0
851,1577,79970.1,BUY,99.97,2,0
852,1577,79970.1,BUY,99.97,6,0
853,1577,79970.1,BUY,99.97,2,0
854,1577,79970.1,BUY,99.98,2,0
855,1578,79984,BUY,99.98,11,0
856,1578,79984,BUY,99.98,3,0
857,1579,80045.7,BUY,99.98,6,0
858,1579,80045.7,BUY,99.98,7,0
859,1586,80217.3,BUY,99.98,1,0
860,1586,80217.3,BUY,99.98,9,0
861,1590,80354.2,BUY,99.98,4,0
862,1594,80462.6,SELL,99.98,6,0
863,1595,80501.7,SELL,99.98,1,0
864,1601,80669.3,BUY,99.98,4,0
865,1602,80687.5,SELL,99.98,3,0
866,1602,80687.5,SELL,99.97,3,0
867,1605,80983.8,SELL,99.97,8,0
868,1612,81401.4,BUY,99.99,12,0
869,1624,82039,SELL,99.97,6,0
870,1629,82100.1,SELL,99.97,1,0
871,1629,82100.1,SELL,99.97,8,0
872,1630,82173.8,BUY,99.98,8,0
873,1630,82173.8,BUY,99.99,5,0
874,1631,82244.5,SELL,99.97,17,0
875,1631,82244.5,SELL,99.97,7,0
876,1632,82256.3,SELL,99.97,8,0
877,1633,82419.2,SELL,99.97,7,0
878,1633,82419.2,SELL,99.96,5,0
879,1634,82479.6,SELL,99.96,4,0
880,1634,82479.6,SELL,99.96,11,0
881,1635,82480.1,BUY,99.99,8,0
882,1635,82480.1,BUY,99.99,2,0
883,1636,82525.4,SELL,99.96,7,0
884,1638,82686.5,SELL,99.96,1,0
885,1638,82686.5,SELL,99.95,8,0
886,1640,82699.5,BUY,99.99,2,0
887,1641,82796.5,SELL,99.95,13,0
888,1642,82815.1,SELL,99.95,9,0
889,1642,82815.1,SELL,99.95,4,0
890,1646,83166.4,SELL,99.95,8,0
891,1649,83404.8,SELL,99.95,6,0
892,1649,83404.8,SELL,99.95,3,0
893,1659,83688.4,SELL,99.95,1,0
894,1659,83688.4,SELL,99.95,5,0
895,1660,83707,BUY,99.96,6,0
896,1660,83707,BUY,99.97,3,0
897,1670,84202.4,BUY,99.97,6,0
898,1670,84202.4,BUY,99.98,3,0
899,1670,84202.4,BUY,99.99,4,0
900,1670,84202.4,BUY,99.99,2,0
901,1676,84450,BUY,99.99,4,0
902,1676,84450,BUY,99.99,8,0
903,1676,84450,BUY,99.99,19,0
904,1676,84450,BUY,99.99,13,0
905,1676,84450,BUY,99.99,4,0
906,1680,84541.1,BUY,99.99,8,0
907,1682,84620.9,BUY,99.99,2,0
908,1682,84620.9,BUY,99.99,2,0
909,1686,84846.3,BUY,99.99,10,0
910,1697,85593.1,SELL,99.99,11,0
911,1704,85778,BUY,99.99,5,0
912,1704,85778,BUY,99.99,7,0
913,1705,85783,BUY,99.99,9,0
914,1707,85910.8,SELL,99.99,4,0
915,1707,85910.8,SELL,99.99,8,0
916,1715,86321.8,SELL,99.99,2,0
917,1718,86420,BUY,99.99,8,0
918,1719,86586.5,SELL,99.98,6,0
919,1722,86824.4,SELL,99.98,2,0
920,1723,86913.4,SELL,99.98,5,0
921,1723,86913.4,SELL,99.97,1,0
922,1726,87041.8,SELL,99.97,7,0
923,1726,87041.8,SELL,99.97,7,0
924,1727,87100.3,BUY,99.99,4,0
925,1727,87100.3,BUY,99.99,4,0
926,1727,87100.3,BUY,99.99,9,0
927,1727,87100.3,BUY,99.99,5,0
928,1729,87127.2,SELL,99.97,7,0
929,1729,87127.2,SELL,99.97,4,0
930,1730,87134,SELL,99.97,1,0
931,1730,87134,SELL,99.97,4,0
932,1734,87224.9,SELL,99.97,6,0
933,1735,87265.6,SELL,99.97,2,0
934,1735,87265.6,SELL,99.96,8,0
935,1735,87265.6,SELL,99.96,4,0
936,1738,87539.5,SELL,99.96,3,0
937,1738,87539.5,SELL,99.96,5,0
938,1740,87605.2,SELL,99.96,6,0
939,1740,87605.2,SELL,99.95,3,0
940,1743,87745.9,SELL,99.95,6,0
941,1743,87745.9,SELL,99.95,2,0
942,1746,87828.1,SELL,99.94,3,0
943,1747,87846,SELL,99.94,5,0
944,1756,88164.1,SELL,99.94,4,0
945,1756,88164.1,SELL,99.94,7,0
946,1764,88642.2,SELL,99.94,3,0
947,1764,88642.2,SELL,99.94,8,0
948,1775,89124.8,BUY,99.95,5,0
949,1776,89173.1,SELL,99.94,14,0
950,1776,89173.1,SELL,99.94,12,0
951,1779,89261.3,BUY,99.95,2,0
952,1779,89261.3,BUY,99.96,6,0
953,1792,89905.5,SELL,99.94,4,0
954,1792,89905.5,SELL,99.94,7,0
955,1792,89905.5,SELL,99.94,9,0
956,1798,90090.5,SELL,99.94,1,0
957,1798,90090.5,SELL,99.94,4,0
958,1798,90090.5,SELL,99.94,2,0
959,1820,91387.6,SELL,99.94,9,0
960,1821,91461.1,SELL,99.94,2,0
961,1821,91461.1,SELL,99.94,3,0
962,1823,91799.4,BUY,99.95,6,0
963,1825,91909.7,SELL,99.94,10,0
964,1827,91951.8,SELL,99.94,5,0
965,1827,91951.8,SELL,99.94,23,0
966,1829,92293.7,SELL,99.94,2,0
967,1829,92293.7,SELL,99.94,3,0
968,1830,92333.1,SELL,99.94,3,0
969,1832,92415,SELL,99.93,8,0
970,1832,92415,SELL,99.93,11,0
971,1832,92415,SELL,99.93,6,0
972,1841,92833.1,BUY,99.94,3,0
973,1841,92833.1,BUY,99.94,5,0
974,1842,92921,BUY,99.94,9,0
975,1843,93065.9,SELL,99.93,12,0
976,1850,93325.9,SELL,99.93,2,0
977,1850,93325.9,SELL,99.93,4,0
978,1852,93397.6,BUY,99.94,12,0
979,1855,93535.9,SELL,99.93,6,0
980,1855,93535.9,SELL,99.93,5,0
981,1864,93804,SELL,99.93,3,0
982,1864,93804,SELL,99.93,4,0
983,1887,94962.7,BUY,99.94,12,0
984,1888,94987.1,BUY,99.94,8,0
985,1889,95011.4,SELL,99.93,9,0
986,1889,95011.4,SELL,99.93,5,0
987,1894,95208,BUY,99.94,8,0
988,1895,95272.4,BUY,99.94,7,0
989,1898,95304.2,SELL,99.93,6,0
990,1901,95357.9,BUY,99.94,6,0
991,1901,95357.9,BUY,99.94,1,0
992,1904,95392.3,BUY,99.94,7,0
993,1910,95594.5,SELL,99.93,1,0
994,1910,95594.5,SELL,99.93,5,0
995,1910,95594.5,SELL,99.93,10,0
996,1910,95594.5,SELL,99.93,4,0
997,1915,95806.3,SELL,99.93,3,0
998,1915,95806.3,SELL,99.93,5,0
999,1916,95841.6,BUY,99.94,13,0
1000,1917,95842.8,SELL,99.93,5,0
1001,1917,95842.8,SELL,99.93,1,0
1002,1918,95873.7,SELL,99.93,6,0
1003,1918,95873.7,SELL,99.93,4,0
1004,1919,95902.5,SELL,99.93,5,0
1005,1919,95902.5,SELL,99.93,12,0
1006,1919,95902.5,SELL,99.93,10,0
1007,1919,95902.5,SELL,99.93,2,0
1008,1921,96008.4,BUY,99.94,8,0
1009,1923,96098,SELL,99.93,5,0
1010,1923,96098,SELL,99.93,1,0
1011,1926,96326.2,SELL,99.93,3,0
1012,1928,96417.7,SELL,99.93,3,0
1013,1931,96680.5,SELL,99.93,12,0
1014,1931,96680.5,SELL,99.93,6,0
1015,1931,96680.5,SELL,99.92,3,0
1016,1932,96810.8,SELL,99.92,5,0
1017,1932,96810.8,SELL,99.92,3,0
1018,1933,96829.2,SELL,99.92,6,0
1019,1937,96912.9,SELL,99.92,6,0
1020,1939,96927.5,SELL,99.92,13,0
1021,1940,96964.8,SELL,99.92,1,0
1022,1940,96964.8,SELL,99.92,7,0
1023,1942,96994,SELL,99.92,7,0
1024,1942,96994,SELL,99.92,3,0
1025,1943,97055.2,SELL,99.92,21,0
1026,1944,97075,SELL,99.92,1,0
1027,1944,97075,SELL,99.92,10,0
1028,1945,97080.7,BUY,99.94,15,0
1029,1945,97080.7,BUY,99.95,1,0
1030,1946,97144.1,SELL,99.92,11,0
1031,1947,97282.6,SELL,99.92,8,0
1032,1950,97415.4,BUY,99.94,3,0
1033,1950,97415.4,BUY,99.95,5,0
1034,1952,97688,SELL,99.92,11,0
1035,1952,97688,SELL,99.92,6,0
1036,1952,97688,SELL,99.92,2,0
1037,1955,97920,SELL,99.92,4,0
1038,1955,97920,SELL,99.92,6,0
1039,1955,97920,SELL,99.92,9,0
1040,1958,98012.3,BUY,99.93,7,0
1041,1958,98012.3,BUY,99.94,16,0
1042,1963,98224.4,SELL,99.92,14,0
1043,1969,98350.3,SELL,99.92,4,0
1044,1969,98350.3,SELL,99.92,10,0
1045,1971,98482.9,SELL,99.92,7,0
1046,1974,98648.1,SELL,99.92,10,0
1047,1975,98670,SELL,99.92,1,0
1048,1975,98670,SELL,99.92,23,0
1049,1978,98745.4,BUY,99.93,6,0
1050,1979,98769.2,SELL,99.92,4,0
1051,1980,98773.1,SELL,99.92,1,0
1052,1980,98773.1,SELL,99.92,6,0
1053,1980,98773.1,SELL,99.92,1,0
1054,1984,98976.8,SELL,99.92,2,0
1055,1987,99045.8,BUY,99.93,4,0
1056,2000,99619.3,SELL,99.92,7,0
1057,2002,99678.3,SELL,99.92,9,0
1058,2002,99678.3,SELL,99.92,1,0
1059,2007,99892.9,SELL,99.92,7,0
1060,2009,99966.6,SELL,99.92,5,0
1061,2009,99966.6,SELL,99.92,5,0
1062,2015,100274,BUY,99.93,1,0
1063,2015,100274,BUY,99.93,14,0
1064,2028,100978,BUY,99.93,14,0
1065,2028,100978,BUY,99.93,1,0
1066,2034,101224,BUY,99.93,3,0
1067,2036,101387,SELL,99.92,8,0
1068,2039,101427,SELL,99.92,9,0
1069,2042,101553,SELL,99.92,6,0
1070,2042,101553,SELL,99.92,2,0
1071,2048,101845,BUY,99.93,7,0
1072,2049,101910,SELL,99.92,3,0
1073,2049,101910,SELL,99.92,3,0
1074,2050,101973,SELL,99.92,6,0
1075,2050,101973,SELL,99.92,8,0
1076,2061,102761,BUY,99.93,11,0
1077,2061,102761,BUY,99.93,4,0
1078,2061,102761,BUY,99.93,22,0
1079,2065,103118,SELL,99.92,4,0
1080,2065,103118,SELL,99.92,4,0
1081,2067,103220,BUY,99.93,9,0
1082,2072,103446,SELL,99.92,1,0
1083,2072,103446,SELL,99.92,7,0
1084,2072,103446,SELL,99.92,4,0
1085,2076,103725,SELL,99.92,11,0
1086,2078,103819,SELL,99.92,6,0
1087,2079,103836,SELL,99.92,10,0
1088,2080,103913,SELL,99.92,3,0
1089,2080,103913,SELL,99.92,1,0
1090,2086,104466,SELL,99.92,5,0
1091,2086,104466,SELL,99.92,10,0
1092,2091,104713,SELL,99.92,2,0
1093,2091,104713,SELL,99.92,5,0
1094,2091,104713,SELL,99.92,7,0
1095,2091,104713,SELL,99.92,1,0
1096,2095,104915,SELL,99.92,9,0
1097,2095,104915,SELL,99.92,4,0
1098,2098,104989,BUY,99.93,27,0
1099,2103,105478,SELL,99.92,10,0
1100,2108,105644,BUY,99.93,8,0
1101,2108,105644,BUY,99.93,2,0
1102,2110,105725,SELL,99.92,7,0
1103,2110,105725,SELL,99.92,1,0
1104,2112,105844,SELL,99.92,8,0
1105,2112,105844,SELL,99.91,6,0
1106,2112,105844,SELL,99.91,5,0
1107,2112,105844,SELL,99.91,1,0
1108,2116,106012,SELL,99.91,5,0
1109,2116,106012,SELL,99.91,4,0
1110,2117,106016,BUY,99.93,7,0
1111,2117,106016,BUY,99.93,4,0
1112,2119,106090,SELL,99.91,7,0
1113,2119,106090,SELL,99.91,6,0
1114,2120,106183,SELL,99.91,5,0
1115,2123,106362,SELL,99.91,18,0
1116,2123,106362,SELL,99.91,4,0
1117,2124,106363,SELL,99.91,2,0
1118,2124,106363,SELL,99.91,8,0
1119,2125,106388,SELL,99.91,6,0
1120,2128,106571,SELL,99.91,3,0
1121,2128,106571,SELL,99.91,3,0
1122,2128,106571,SELL,99.91,4,0
1123,2129,106627,SELL,99.91,7,0
1124,2130,106664,SELL,99.91,5,0
1125,2130,106664,SELL,99.91,7,0
1126,2130,106664,SELL,99.91,4,0
1127,2136,106950,SELL,99.91,7,0
1128,2137,107007,SELL,99.91,1,0
1129,2137,107007,SELL,99.91,9,0
1130,2137,107007,SELL,99.91,2,0
1131,2139,107065,SELL,99.91,6,0
1132,2143,107301,SELL,99.91,2,0
1133,2143,107301,SELL,99.91,12,0
1134,2143,107301,SELL,99.91,15,0
1135,2143,107301,SELL,99.91,12,0
1136,2145,107327,SELL,99.91,8,0
1137,2145,107327,SELL,99.91,7,0
1138,2145,107327,SELL,99.91,1,0
1139,2146,107483,SELL,99.91,9,0
1140,2148,107542,SELL,99.91,5,0
1141,2150,107641,BUY,99.93,4,0
1142,2150,107641,BUY,99.93,1,0
1143,2152,107740,SELL,99.91,4,0
1144,2152,107740,SELL,99.91,2,0
1145,2153,107835,SELL,99.91,6,0
1146,2153,107835,SELL,99.91,7,0
1147,2160,108240,SELL,99.91,6,0
1148,2161,108282,SELL,99.91,1,0
1149,2161,108282,SELL,99.91,5,0
1150,2161,108282,SELL,99.91,1,0
1151,2162,108296,SELL,99.91,7,0
1152,2162,108296,SELL,99.91,3,0
1153,2162,108296,SELL,99.91,10,0
1154,2162,108296,SELL,99.91,7,0
1155,2162,108296,SELL,99.91,7,0
1156,2162,108296,SELL,99.91,4,0
1157,2163,108457,SELL,99.91,1,0
1158,2163,108457,SELL,99.91,5,0
1159,2166,108607,SELL,99.91,7,0
1160,2168,108801,SELL,99.91,10,0
1161,2168,108801,SELL,99.91,5,0
1162,2171,108999,SELL,99.91,7,0
1163,2171,108999,SELL,99.91,4,0
1164,2173,109069,SELL,99.91,3,0
1165,2173,109069,SELL,99.91,7,0
1166,2174,109071,BUY,99.93,6,0
1167,2179,109420,SELL,99.91,6,0
1168,2180,109485,BUY,99.93,2,0
1169,2180,109485,BUY,99.93,2,0
1170,2182,109662,BUY,99.93,7,0
1171,2182,109662,BUY,99.94,1,0
1172,2182,109662,BUY,99.94,2,0
1173,2185,109842,BUY,99.94,4,0
1174,2185,109842,BUY,99.94,3,0
1175,2185,109842,BUY,99.94,2,0
1176,2186,109964,BUY,99.94,6,0
1177,2188,110034,BUY,99.94,4,0
1178,2188,110034,BUY,99.94,7,0
1179,2192,110182,BUY,99.94,10,0
1180,2192,110182,BUY,99.94,6,0
1181,2192,110182,BUY,99.94,5,0
1182,2193,110264,SELL,99.92,12,0
1183,2193,110264,SELL,99.91,3,0
1184,2196,110355,BUY,99.94,6,0
1185,2196,110355,BUY,99.94,4,0
1186,2200,110464,BUY,99.94,2,0
1187,2220,111231,SELL,99.93,5,0
1188,2224,111449,BUY,99.94,5,0
1189,2224,111449,BUY,99.95,1,0
1190,2232,111895,BUY,99.95,7,0
1191,2232,111895,BUY,99.95,4,0
1192,2236,112062,BUY,99.95,9,0
1193,2237,112177,BUY,99.95,11,0
1194,2241,112294,BUY,99.95,5,0
1195,2241,112294,BUY,99.95,3,0
1196,2242,112302,BUY,99.95,10,0
1197,2243,112337,BUY,99.95,13,0
1198,2244,112339,BUY,99.95,1,0
1199,2244,112339,BUY,99.95,10,0
1200,2245,112343,BUY,99.95,12,0
1201,2246,112429,SELL,99.93,2,0
1202,2246,112429,SELL,99.93,1,0
1203,2247,112541,BUY,99.95,2,0
1204,2247,112541,BUY,99.95,4,0
1205,2263,113294,BUY,99.95,8,0
1206,2263,113294,BUY,99.95,7,0
1207,2264,113320,BUY,99.95,6,0
1208,2264,113320,BUY,99.95,2,0
1209,2266,113420,BUY,99.95,1,0
1210,2266,113420,BUY,99.95,6,0
1211,2285,114551,SELL,99.96,9,0
1212,2285,114551,SELL,99.94,10,0
1213,2287,114628,BUY,99.96,8,0
1214,2287,114628,BUY,99.96,2,0
1215,2287,114628,BUY,99.96,9,0
1216,2287,114628,BUY,99.96,3,0
1217,2294,115013,SELL,99.94,16,0
1218,2298,115130,SELL,99.94,7,0
1219,2298,115130,SELL,99.94,6,0
1220,2302,115394,BUY,99.96,3,0
1221,2306,115502,SELL,99.94,24,0
1222,2306,115502,SELL,99.93,10,0
1223,2306,115502,SELL,99.93,11,0
1224,2307,115547,SELL,99.93,2,0
1225,2307,115547,SELL,99.93,10,0
1226,2312,115744,SELL,99.93,6,0
1227,2312,115744,SELL,99.93,3,0
1228,2312,115744,SELL,99.93,2,0
1229,2317,116135,SELL,99.94,12,0
1230,2317,116135,SELL,99.93,2,0
1231,2321,116231,BUY,99.96,2,0
1232,2324,116548,BUY,99.96,2,0
1233,2324,116548,BUY,99.96,5,0
1234,2324,116548,BUY,99.96,3,0
1235,2330,116975,SELL,99.93,3,0
1236,2330,116975,SELL,99.93,5,0
1237,2330,116975,SELL,99.92,13,0
1238,2342,117725,BUY,99.93,5,0
1239,2342,117725,BUY,99.93,10,0
1240,2342,117725,BUY,99.93,13,0
1241,2342,117725,BUY,99.93,1,0
1242,2349,118078,SELL,99.92,1,0
1243,2349,118078,SELL,99.92,8,0
1244,2351,118086,BUY,99.93,9,0
1245,2351,118086,BUY,99.95,11,0
1246,2352,118143,SELL,99.92,13,0
1247,2352,118143,SELL,99.92,3,0
1248,2354,118203,SELL,99.92,1,0
1249,2354,118203,SELL,99.92,10,0
1250,2361,118413,SELL,99.92,6,0
1251,2370,119098,BUY,99.93,5,0
1252,2370,119098,BUY,99.93,4,0
1253,2372,119277,BUY,99.93,1,0
1254,2372,119277,BUY,99.94,7,0
1255,2372,119277,BUY,99.94,7,0
1256,2372,119277,BUY,99.95,9,0
1257,2373,119284,SELL,99.92,10,0
1258,2373,119284,SELL,99.92,1,0
1259,2374,119358,SELL,99.92,9,0
1260,2374,119358,SELL,99.92,2,0
1261,2375,119402,SELL,99.92,13,0
1262,2377,119516,BUY,99.95,10,0
1263,2378,119551,SELL,99.92,15,0
1264,2380,119564,BUY,99.95,6,0
1265,2384,119958,SELL,99.92,1,0
1266,2384,119958,SELL,99.92,9,0
1267,2384,119958,SELL,99.91,7,0
1268,2387,120163,BUY,99.93,4,0
1269,2389,120199,BUY,99.93,3,0
1270,2389,120199,BUY,99.95,6,0
1271,2389,120199,BUY,99.96,6,0
1272,2390,120291,SELL,99.91,8,0
1273,2390,120291,SELL,99.91,1,0
1274,2394,120610,SELL,99.91,7,0
1275,2394,120610,SELL,99.91,2,0
1276,2394,120610,SELL,99.91,4,0
1277,2394,120610,SELL,99.91,9,0
1278,2397,120757,SELL,99.91,7,0
1279,2397,120757,SELL,99.91,10,0
1280,2397,120757,SELL,99.91,6,0
1281,2397,120757,SELL,99.91,1,0
1282,2401,121064,SELL,99.91,7,0
1283,2403,121284,SELL,99.91,14,0
1284,2406,121357,SELL,99.91,8,0
1285,2406,121357,SELL,99.91,10,0
1286,2407,121491,SELL,99.91,7,0
1287,2408,121495,SELL,99.91,1,0
1288,2408,121495,SELL,99.91,4,0
1289,2408,121495,SELL,99.91,6,0
1290,2408,121495,SELL,99.91,5,0
1291,2408,121495,SELL,99.91,6,0
1292,2408,121495,SELL,99.91,5,0
1293,2410,121632,SELL,99.91,4,0
1294,2410,121632,SELL,99.91,11,0
1295,2412,121791,SELL,99.91,11,0
1296,2412,121791,SELL,99.91,2,0
1297,2416,122120,SELL,99.91,5,0
1298,2417,122160,SELL,99.91,2,0
1299,2417,122160,SELL,99.91,18,0
1300,2417,122160,SELL,99.91,6,0
1301,2418,122227,SELL,99.91,1,0
1302,2418,122227,SELL,99.91,8,0
1303,2419,122284,SELL,99.91,10,0
1304,2421,122301,SELL,99.91,7,0
1305,2421,122301,SELL,99.91,2,0
1306,2422,122311,BUY,99.92,6,0
1307,2422,122311,BUY,99.92,7,0
1308,2422,122311,BUY,99.94,6,0
1309,2422,122311,BUY,99.95,14,0
1310,2424,122366,BUY,99.93,20,0
1311,2424,122366,BUY,99.95,3,0
1312,2425,122424,BUY,99.95,2,0
1313,2425,122424,BUY,99.96,3,0
1314,2428,122847,BUY,99.96,7,0
1315,2428,122847,BUY,99.96,1,0
1316,2430,122974,SELL,99.91,2,0
1317,2431,123028,BUY,99.93,3,0
1318,2435,123279,SELL,99.91,1,0
1319,2435,123279,SELL,99.91,9,0
1320,2436,123375,BUY,99.93,8,0
1321,2436,123375,BUY,99.96,2,0
1322,2444,123780,SELL,99.91,1,0
1323,2444,123780,SELL,99.91,13,0
1324,2446,123801,SELL,99.9,11,0
1325,2446,123801,SELL,99.9,3,0
1326,2447,123855,SELL,99.9,1,0
1327,2447,123855,SELL,99.9,18,0
1328,2453,124121,SELL,99.9,7,0
1329,2454,124184,SELL,99.9,9,0
1330,2455,124339,BUY,99.91,1,0
1331,2455,124339,BUY,99.92,4,0
1332,2456,124352,BUY,99.92,1,0
1333,2456,124352,BUY,99.93,15,0
1334,2457,124353,SELL,99.9,5,0
1335,2459,124383,SELL,99.9,17,0
1336,2460,124407,SELL,99.9,9,0
1337,2461,124446,SELL,99.9,6,0
1338,2461,124446,SELL,99.9,3,0
1339,2462,124465,SELL,99.9,6,0
1340,2463,124467,SELL,99.9,1,0
1341,2463,124467,SELL,99.9,8,0
1342,2464,124527,BUY,99.92,12,0
1343,2465,124691,BUY,99.93,2,0
1344,2465,124691,BUY,99.94,5,0
1345,2465,124691,BUY,99.94,8,0
1346,2466,124699,SELL,99.9,8,0
1347,2466,124699,SELL,99.9,8,0
1348,2467,124762,SELL,99.9,1,0
1349,2467,124762,SELL,99.9,5,0
1350,2469,124822,SELL,99.9,2,0
1351,2469,124822,SELL,99.9,3,0
1352,2473,124961,SELL,99.9,4,0
1353,2473,124961,SELL,99.9,7,0
1354,2474,125015,BUY,99.94,2,0
1355,2474,125015,BUY,99.96,3,0
1356,2475,125042,SELL,99.9,9,0
1357,2475,125042,SELL,99.9,6,0
1358,2476,125094,SELL,99.9,4,0
1359,2476,125094,SELL,99.9,4,0
1360,2476,125094,SELL,99.9,1,0
1361,2479,125131,BUY,99.92,3,0
1362,2479,125131,BUY,99.92,4,0
1363,2482,125337,SELL,99.9,11,0
1364,2483,125341,SELL,99.9,5,0
1365,2483,125341,SELL,99.9,8,0
1366,2483,125341,SELL,99.9,1,0
1367,2485,125380,BUY,99.92,7,0
1368,2486,125397,SELL,99.9,5,0
1369,2489,125646,SELL,99.9,1,0
1370,2489,125646,SELL,99.9,2,0
1371,2490,125649,SELL,99.9,14,0
1372,2490,125649,SELL,99.9,9,0
1373,2492,125737,BUY,99.92,7,0
1374,2494,125759,SELL,99.9,10,0
1375,2494,125759,SELL,99.9,8,0
1376,2495,125787,SELL,99.9,2,0
1377,2495,125787,SELL,99.9,6,0
1378,2495,125787,SELL,99.9,7,0
1379,2496,125819,SELL,99.9,7,0
1380,2499,125853,BUY,99.92,1,0
1381,2499,125853,BUY,99.92,11,0
1382,2502,125960,SELL,99.9,10,0
1383,2502,125960,SELL,99.9,11,0
1384,2503,126098,SELL,99.9,7,0
1385,2506,126308,SELL,99.9,5,0
1386,2506,126308,SELL,99.9,1,0
1387,2509,126329,SELL,99.9,9,0
1388,2511,126431,SELL,99.9,4,0
1389,2511,126431,SELL,99.9,2,0
1390,2512,126441,SELL,99.9,6,0
1391,2513,126498,SELL,99.9,3,0
1392,2513,126498,SELL,99.9,13,0
1393,2516,126655,SELL,99.9,4,0
1394,2517,126712,SELL,99.9,1,0
1395,2517,126712,SELL,99.9,4,0
1396,2517,126712,SELL,99.9,10,0
1397,2518,126790,SELL,99.9,3,0
1398,2518,126790,SELL,99.9,3,0
1399,2519,126843,SELL,99.9,9,0
1400,2521,126870,BUY,99.92,6,0
1401,2522,126879,SELL,99.9,1,0
1402,2522,126879,SELL,99.9,2,0
1403,2523,127011,BUY,99.92,6,0
1404,2523,127011,BUY,99.93,5,0
1405,2524,127066,SELL,99.9,3,0
1406,2524,127066,SELL,99.9,5,0
1407,2524,127066,SELL,99.9,6,0
1408,2524,127066,SELL,99.9,11,0
1409,2527,127144,BUY,99.92,5,0
1410,2527,127144,BUY,99.94,12,0
1411,2528,127156,BUY,99.94,4,0
1412,2528,127156,BUY,99.95,8,0
1413,2531,127510,BUY,99.92,11,0
1414,2531,127510,BUY,99.95,1,0
1415,2535,127734,SELL,99.9,4,0
1416,2535,127734,SELL,99.9,5,0
1417,2539,127868,BUY,99.93,20,0
1418,2540,127955,SELL,99.9,1,0
1419,2540,127955,SELL,99.9,9,0
1420,2540,127955,SELL,99.9,4,0
1421,2541,127966,BUY,99.93,3,0
1422,2541,127966,BUY,99.95,16,0
1423,2546,128020,BUY,99.95,1,0
1424,2546,128020,BUY,99.95,6,0
1425,2552,128348,SELL,99.9,20,0
1426,2554,128388,SELL,99.9,7,0
1427,2554,128388,SELL,99.9,5,0
1428,2557,128517,SELL,99.9,6,0
1429,2557,128517,SELL,99.9,7,0
1430,2557,128517,SELL,99.9,3,0
1431,2557,128517,SELL,99.9,7,0
1432,2559,128625,BUY,99.93,9,0
1433,2562,128740,SELL,99.9,4,0
1434,2562,128740,SELL,99.9,8,0
1435,2565,129012,SELL,99.9,6,0
1436,2565,129012,SELL,99.9,4,0
1437,2566,129093,SELL,99.9,9,0
1438,2570,129494,BUY,99.93,3,0
1439,2570,129494,BUY,99.94,5,0
1440,2570,129494,BUY,99.94,3,0
1441,2575,129707,SELL,99.91,8,0
1442,2587,130256,SELL,99.93,6,0
1443,2591,130479,SELL,99.91,5,0
1444,2595,130645,SELL,99.91,12,0
1445,2595,130645,SELL,99.91,5,0
1446,2603,130974,SELL,99.92,7,0
1447,2607,131267,BUY,99.93,1,0
1448,2607,131267,BUY,99.94,4,0
1449,2607,131267,BUY,99.94,5,0
1450,2607,131267,BUY,99.94,1,0
1451,2613,131587,BUY,99.92,7,0
1452,2613,131587,BUY,99.94,9,0
1453,2619,131983,BUY,99.94,9,0
1454,2619,131983,BUY,99.94,10,0
1455,2623,132103,BUY,99.95,8,0
1456,2623,132103,BUY,99.95,4,0
1457,2623,132103,BUY,99.95,2,0
1458,2625,132126,BUY,99.95,4,0
1459,2627,132320,BUY,99.95,5,0
1460,2631,132608,BUY,99.95,2,0
1461,2631,132608,BUY,99.95,6,0
1462,2639,133478,SELL,99.94,5,0
1463,2639,133478,SELL,99.93,4,0
1464,2640,133614,BUY,99.95,2,0
1465,2640,133614,BUY,99.95,6,0
1466,2645,133806,SELL,99.93,7,0
1467,2645,133806,SELL,99.92,3,0
1468,2647,133951,BUY,99.95,9,0
1469,2648,133973,BUY,99.95,2,0
1470,2648,133973,BUY,99.95,5,0
1471,2649,133974,BUY,99.95,10,0
1472,2655,134084,BUY,99.96,11,0
1473,2658,134139,BUY,99.96,1,0
1474,2658,134139,BUY,99.96,5,0
1475,2661,134338,BUY,99.96,2,0
1476,2661,134338,BUY,99.96,3,0
1477,2661,134338,BUY,99.96,3,0
1478,2668,134530,SELL,99.96,10,0
1479,2668,134530,SELL,99.96,5,0
1480,2670,134617,SELL,99.96,2,0
1481,2670,134617,SELL,99.96,15,0
1482,2670,134617,SELL,99.95,1,0
1483,2674,134685,BUY,99.96,4,0
1484,2674,134685,BUY,99.96,6,0
1485,2674,134685,BUY,99.96,1,0
1486,2681,135264,SELL,99.95,9,0
1487,2684,135404,BUY,99.96,5,0
1488,2684,135404,BUY,99.96,6,0
1489,2690,135670,BUY,99.96,27,0
1490,2691,135727,SELL,99.95,6,0
1491,2692,135768,SELL,99.95,15,0
1492,2696,135859,BUY,99.96,9,0
1493,2696,135859,BUY,99.96,2,0
1494,2699,136072,SELL,99.95,6,0
1495,2701,136225,SELL,99.94,4,0
1496,2701,136225,SELL,99.94,7,0
1497,2706,136488,SELL,99.94,15,0
1498,2708,136518,SELL,99.94,3,0
1499,2708,136518,SELL,99.93,8,0
1500,2708,136518,SELL,99.93,1,0
1501,2710,136737,SELL,99.93,4,0
1502,2710,136737,SELL,99.93,1,0
1503,2711,136764,SELL,99.93,8,0
1504,2712,136821,SELL,99.93,10,0
1505,2714,136850,SELL,99.93,11,0
1506,2716,136994,BUY,99.95,10,0
1507,2717,137027,BUY,99.95,8,0
1508,2720,137255,SELL,99.93,4,0
1509,2721,137314,SELL,99.93,3,0
1510,2725,137601,SELL,99.93,8,0
1511,2726,137606,BUY,99.95,2,0
1512,2726,137606,BUY,99.96,14,0
1513,2726,137606,BUY,99.96,1,0
1514,2727,137617,SELL,99.93,1,0
1515,2727,137617,SELL,99.92,7,0
1516,2727,137617,SELL,99.92,6,0
1517,2728,137619,SELL,99.92,4,0
1518,2728,137619,SELL,99.92,2,0
1519,2731,137680,BUY,99.96,3,0
1520,2732,137714,SELL,99.92,4,0
1521,2732,137714,SELL,99.92,5,0
1522,2732,137714,SELL,99.92,2,0
1523,2732,137714,SELL,99.91,5,0
1524,2736,138293,SELL,99.91,5,0
1525,2738,138413,BUY,99.96,5,0
1526,2739,138484,SELL,99.91,6,0
1527,2744,138831,SELL,99.91,8,0
1528,2748,138972,SELL,99.91,11,0
1529,2748,138972,SELL,99.91,7,0
1530,2754,139212,BUY,99.93,9,0
1531,2754,139212,BUY,99.94,5,0
1532,2754,139212,BUY,99.94,5,0
1533,2764,139487,BUY,99.94,5,0
1534,2776,140088,SELL,99.91,5,0
1535,2776,140088,SELL,99.91,1,0
1536,2782,140554,SELL,99.91,7,0
1537,2783,140636,SELL,99.91,5,0
1538,2785,140782,SELL,99.91,12,0
1539,2785,140782,SELL,99.91,3,0
1540,2787,140907,SELL,99.91,4,0
1541,2790,141123,SELL,99.91,2,0
1542,2790,141123,SELL,99.91,9,0
1543,2791,141123,SELL,99.91,2,0
1544,2791,141123,SELL,99.91,5,0
1545,2791,141123,SELL,99.91,6,0
1546,2794,141443,SELL,99.91,6,0
1547,2795,141496,SELL,99.91,10,0
1548,2795,141496,SELL,99.91,6,0
1549,2796,141723,SELL,99.91,4,0
1550,2796,141723,SELL,99.91,7,0
1551,2796,141723,SELL,99.91,5,0
1552,2798,141931,SELL,99.91,3,0
1553,2798,141931,SELL,99.91,10,0
1554,2799,142363,BUY,99.93,6,0
1555,2799,142363,BUY,99.94,4,0
1556,2799,142363,BUY,99.94,7,0
1557,2799,142363,BUY,99.94,2,0
1558,2802,142493,SELL,99.91,7,0
1559,2804,142607,SELL,99.91,3,0
1560,2804,142607,SELL,99.91,4,0
1561,2805,142662,SELL,99.9,11,0
1562,2805,142662,SELL,99.9,9,0
1563,2806,142692,BUY,99.94,11,0
1564,2807,142760,SELL,99.9,5,0
1565,2808,142773,SELL,99.9,6,0
1566,2810,142898,SELL,99.9,13,0
1567,2817,143298,SELL,99.9,10,0
1568,2824,143871,SELL,99.9,5,0
1569,2824,143871,SELL,99.9,9,0
1570,2824,143871,SELL,99.9,3,0
1571,2825,143962,SELL,99.9,10,0
1572,2829,143985,SELL,99.9,9,0
1573,2830,144023,BUY,99.95,5,0
1574,2830,144023,BUY,99.95,2,0
1575,2837,144177,SELL,99.9,4,0
1576,2837,144177,SELL,99.9,9,0
1577,2838,144187,BUY,99.94,5,0
1578,2839,144216,SELL,99.9,10,0
1579,2843,144314,SELL,99.9,3,0
1580,2843,144314,SELL,99.9,6,0
1581,2843,144314,SELL,99.9,2,0
1582,2846,144438,SELL,99.9,10,0
1583,2848,144477,SELL,99.9,21,0
1584,2849,144504,SELL,99.9,3,0
1585,2853,144839,SELL,99.9,3,0
1586,2853,144839,SELL,99.9,13,0
1587,2853,144839,SELL,99.9,5,0
1588,2853,144839,SELL,99.9,1,0
1589,2871,145790,SELL,99.9,8,0
1590,2871,145790,SELL,99.9,8,0
1591,2871,145790,SELL,99.9,3,0
1592,2872,145831,SELL,99.9,12,0
1593,2872,145831,SELL,99.9,9,0
1594,2872,145831,SELL,99.9,10,0
1595,2872,145831,SELL,99.9,2,0
1596,2875,145966,BUY,99.92,9,0
1597,2875,145966,BUY,99.92,3,0
1598,2882,146315,SELL,99.9,11,0
1599,2885,146566,SELL,99.9,4,0
1600,2885,146566,SELL,99.9,2,0
1601,2888,146685,SELL,99.9,18,0
1602,2889,146709,SELL,99.9,6,0
1603,2892,146774,SELL,99.9,9,0
1604,2894,146834,SELL,99.9,3,0
1605,2894,146834,SELL,99.9,5,0
1606,2895,146919,BUY,99.91,5,0
1607,2897,146993,SELL,99.9,2,0
1608,2897,146993,SELL,99.9,7,0
1609,2899,147028,SELL,99.9,2,0
1610,2899,147028,SELL,99.9,9,0
1611,2900,147058,SELL,99.9,4,0
1612,2900,147058,SELL,99.9,4,0
1613,2903,147186,SELL,99.9,5,0
1614,2903,147186,SELL,99.9,11,0
1615,2904,147189,SELL,99.9,9,0
1616,2904,147189,SELL,99.9,7,0
1617,2904,147189,SELL,99.9,1,0
1618,2906,147252,SELL,99.9,6,0
1619,2906,147252,SELL,99.9,6,0
1620,2908,147321,SELL,99.9,4,0
1621,2908,147321,SELL,99.9,1,0
1622,2909,147334,BUY,99.91,3,0
1623,2910,147340,SELL,99.9,7,0
1624,2910,147340,SELL,99.9,13,0
1625,2910,147340,SELL,99.9,1,0
1626,2916,147756,BUY,99.91,2,0
1627,2916,147756,BUY,99.91,8,0
1628,2917,147766,SELL,99.9,7,0
1629,2918,147837,BUY,99.91,6,0
1630,2933,148352,SELL,99.9,11,0
1631,2933,148352,SELL,99.9,7,0
1632,2937,148639,BUY,99.91,12,0
1633,2938,148699,SELL,99.9,2,0
1634,2938,148699,SELL,99.89,3,0
1635,2940,148718,BUY,99.91,4,0
1636,2940,148718,BUY,99.91,6,0
1637,2940,148718,BUY,99.91,2,0
1638,2941,148975,BUY,99.91,6,0
1639,2953,149402,SELL,99.89,4,0
1640,2953,149402,SELL,99.89,8,0
1641,2953,149402,SELL,99.89,12,0
1642,2954,149489,BUY,99.9,14,0
1643,2954,149489,BUY,99.9,1,0
1644,2960,149815,SELL,99.89,4,0
1645,2960,149815,SELL,99.89,10,0
1646,2961,149842,SELL,99.89,4,0
1647,2962,149894,SELL,99.89,5,0
1648,2962,149894,SELL,99.89,1,0
1649,2963,150152,SELL,99.89,8,0
1650,2966,150171,SELL,99.89,2,0
1651,2966,150171,SELL,99.89,13,0
1652,2969,150269,SELL,99.89,1,0
1653,2969,150269,SELL,99.89,5,0
1654,2971,150433,SELL,99.89,9,0
1655,2971,150433,SELL,99.89,3,0
1656,2975,150561,SELL,99.89,2,0
1657,2975,150561,SELL,99.89,3,0
1658,2978,150681,BUY,99.9,3,0
1659,2979,150691,SELL,99.89,10,0
1660,2979,150691,SELL,99.89,14,0
1661,2979,150691,SELL,99.89,2,0
1662,2981,150714,SELL,99.89,4,0
1663,2981,150714,SELL,99.89,1,0
1664,2982,150837,SELL,99.89,9,0
1665,2982,150837,SELL,99.89,3,0
1666,2983,150997,BUY,99.9,2,0
1667,2983,150997,BUY,99.9,6,0
1668,2984,151073,SELL,99.89,1,0
1669,2984,151073,SELL,99.89,6,0
1670,2988,151397,SELL,99.89,5,0
1671,2989,151499,SELL,99.89,9,0
1672,2990,151629,SELL,99.89,5,0
1673,2991,151830,SELL,99.89,4,0
1674,2991,151830,SELL,99.89,3,0
1675,2992,151849,BUY,99.91,10,0
1676,2992,151849,BUY,99.91,4,0
1677,2992,151849,BUY,99.91,2,0
1678,2993,151882,SELL,99.89,2,0
1679,2993,151882,SELL,99.89,1,0
1680,2995,152044,BUY,99.91,5,0
1681,2998,152204,SELL,99.89,5,0
1682,2998,152204,SELL,99.89,8,0
1683,2999,152234,BUY,99.91,2,0
1684,2999,152234,BUY,99.91,3,0
1685,3000,152271,SELL,99.89,2,0
1686,3000,152271,SELL,99.89,6,0
