order_id,timestamp,side,type,price,quantity
1,51.003,SELL,LIMIT,100.0,11
2,52.618,BUY,LIMIT,99.94,12
3,113.038,BUY,LIMIT,99.96,5
4,129.316,SELL,MARKET,,8
5,150.392,BUY,LIMIT,99.93,22
6,190.544,SELL,LIMIT,100.03,5
7,207.626,BUY,LIMIT,99.95,7
8,216.502,BUY,LIMIT,99.92,12
9,266.892,BUY,LIMIT,99.95,12
10,359.42,BUY,LIMIT,99.97,8
11,371.268,SELL,LIMIT,100.01,30
12,378.977,BUY,LIMIT,99.93,16
13,422.774,BUY,LIMIT,99.96,10
14,521.475,BUY,LIMIT,99.93,5
15,799.089,SELL,LIMIT,100.04,15
16,814.608,SELL,MARKET,,9
17,968.364,SELL,LIMIT,100.04,10
18,1017.445,BUY,LIMIT,99.93,12
19,1055.234,SELL,LIMIT,99.99,15
20,1069.013,BUY,MARKET,,10
21,1140.495,BUY,MARKET,,9
22,1155.893,SELL,LIMIT,100.11,23
23,1218.297,SELL,LIMIT,100.03,6
24,1238.928,BUY,LIMIT,99.99,13
25,1242.417,SELL,MARKET,,4
26,1254.472,SELL,LIMIT,100.01,9
27,1308.263,SELL,LIMIT,100.06,12
28,1373.4,BUY,LIMIT,99.98,9
29,1389.725,BUY,LIMIT,99.9,11
30,1751.709,BUY,LIMIT,99.88,15
31,1784.951,SELL,LIMIT,99.99,4
32,1915.487,SELL,LIMIT,100.04,30
33,1969.703,BUY,LIMIT,99.98,5
34,1972.275,BUY,MARKET,,11
35,1975.825,BUY,LIMIT,99.86,12
36,1977.852,SELL,LIMIT,100.01,8
37,2033.244,BUY,LIMIT,99.96,13
38,2165.511,BUY,LIMIT,99.7,7
39,2300.858,BUY,LIMIT,99.94,32
40,2348.154,BUY,LIMIT,99.92,17
41,2458.387,BUY,LIMIT,99.93,13
42,2508.676,SELL,LIMIT,100.07,8
43,2703.774,SELL,LIMIT,99.99,13
44,2747.449,SELL,MARKET,,17
45,2761.802,SELL,LIMIT,100.03,8
46,2770.196,BUY,LIMIT,99.86,14
47,2903.745,BUY,LIMIT,99.87,16
48,2988.546,SELL,LIMIT,100.01,6
49,3088.431,SELL,LIMIT,99.98,33
50,3108.541,BUY,LIMIT,99.92,5
51,3137.211,BUY,LIMIT,99.9,4
52,3137.295,BUY,LIMIT,99.94,13
53,3156.133,BUY,LIMIT,99.94,7
54,3181.875,BUY,LIMIT,99.91,6
55,3191.434,SELL,LIMIT,100.04,8
56,3268.467,SELL,LIMIT,99.99,6
57,3384.19,BUY,LIMIT,99.95,16
58,3389.092,BUY,LIMIT,99.96,6
59,3483.861,SELL,LIMIT,100.01,4
60,3517.959,BUY,LIMIT,99.95,31
61,3523.594,BUY,LIMIT,99.83,10
62,3537.925,BUY,LIMIT,99.9,71
63,3648.941,SELL,LIMIT,100.01,10
64,3663.142,SELL,LIMIT,100.01,12
65,3667.174,BUY,LIMIT,99.96,10
66,3680.324,BUY,LIMIT,99.98,8
67,3707.198,SELL,LIMIT,100.04,25
68,3739.604,SELL,LIMIT,100.06,22
69,3808.425,BUY,LIMIT,99.96,10
70,3863.687,SELL,LIMIT,100.07,15
71,3908.499,BUY,MARKET,,6
72,3918.527,SELL,LIMIT,100.03,2
73,3934.831,SELL,LIMIT,100.02,20
74,3987.574,BUY,LIMIT,100.01,3
75,4029.076,SELL,LIMIT,100.07,4
76,4097.977,BUY,LIMIT,99.99,5
77,4154.536,SELL,LIMIT,100.01,17
78,4168.446,SELL,LIMIT,100.05,16
79,4196.41,BUY,LIMIT,99.99,23
80,4257.842,BUY,LIMIT,99.87,3
81,4296.47,SELL,LIMIT,100.07,2
82,4385.283,SELL,LIMIT,100.02,9
83,4409.103,SELL,LIMIT,100.0,2
84,4429.905,SELL,LIMIT,100.02,7
85,4455.985,BUY,LIMIT,99.94,10
86,4460.868,SELL,LIMIT,100.0,12
87,4498.718,SELL,LIMIT,100.01,8
88,4562.596,BUY,LIMIT,99.85,13
89,4629.682,SELL,LIMIT,100.06,7
90,4647.678,BUY,LIMIT,99.84,12
91,4654.428,SELL,MARKET,,10
92,4822.764,SELL,MARKET,,4
93,4865.786,BUY,LIMIT,99.94,6
94,4892.693,BUY,LIMIT,99.99,18
95,4937.094,SELL,LIMIT,100.02,21
96,4952.464,BUY,LIMIT,99.96,5
97,5010.922,SELL,MARKET,,7
98,5109.087,BUY,LIMIT,99.92,15
99,5244.741,BUY,LIMIT,99.94,5
100,5286.848,SELL,MARKET,,19
101,5429.8,SELL,LIMIT,100.03,11
102,5442.798,BUY,LIMIT,99.95,16
103,5495.505,BUY,LIMIT,99.97,9
104,5514.866,BUY,LIMIT,99.94,20
105,5545.199,SELL,LIMIT,100.14,8
106,5766.841,SELL,LIMIT,100.01,6
107,5815.937,BUY,LIMIT,99.97,22
108,5875.844,BUY,LIMIT,99.96,7
109,5915.863,SELL,MARKET,,10
110,6005.095,SELL,LIMIT,100.02,6
111,6029.287,BUY,LIMIT,99.98,17
112,6165.381,SELL,LIMIT,100.02,6
113,6506.109,BUY,LIMIT,99.97,5
114,6529.786,BUY,LIMIT,99.98,4
115,6556.234,SELL,LIMIT,100.07,7
116,6642.182,SELL,LIMIT,100.0,20
117,6647.47,SELL,MARKET,,15
118,6696.28,BUY,LIMIT,99.92,18
119,6715.318,SELL,LIMIT,100.02,16
120,6720.5,BUY,LIMIT,99.97,15
121,6743.987,BUY,LIMIT,99.97,14
122,6748.1,SELL,LIMIT,100.04,9
123,6762.841,SELL,LIMIT,100.06,5
124,6784.04,SELL,LIMIT,100.04,6
125,6817.046,SELL,LIMIT,100.04,6
126,6874.932,BUY,LIMIT,99.95,14
127,6955.889,BUY,LIMIT,99.95,19
128,7047.001,BUY,LIMIT,99.96,7
129,7090.326,BUY,MARKET,,4
130,7099.983,SELL,LIMIT,100.11,16
131,7187.043,SELL,LIMIT,100.03,38
132,7382.5,SELL,MARKET,,9
133,7389.096,SELL,LIMIT,100.09,25
134,7512.502,BUY,LIMIT,99.98,18
135,7518.705,BUY,LIMIT,99.97,5
136,7574.212,SELL,LIMIT,100.07,31
137,7663.908,SELL,LIMIT,100.03,13
138,7693.32,SELL,MARKET,,15
139,7883.799,BUY,LIMIT,99.99,9
140,7935.119,BUY,MARKET,,14
141,8023.663,BUY,LIMIT,99.93,3
142,8101.374,BUY,LIMIT,99.83,14
143,8202.037,BUY,LIMIT,99.92,11
144,8217.456,SELL,LIMIT,100.04,9
145,8253.455,SELL,LIMIT,100.09,22
146,8284.083,BUY,LIMIT,99.88,9
147,8346.393,BUY,LIMIT,99.94,7
148,8395.343,SELL,LIMIT,100.0,7
149,8423.467,BUY,LIMIT,99.92,27
150,8435.572,BUY,LIMIT,99.89,7
151,8454.31,SELL,LIMIT,99.98,21
152,8498.461,SELL,LIMIT,100.0,4
153,8501.102,SELL,LIMIT,100.01,4
154,8513.797,SELL,LIMIT,99.98,19
155,8596.108,BUY,LIMIT,99.92,12
156,8612.068,SELL,LIMIT,100.0,7
157,8665.62,BUY,LIMIT,99.82,4
158,8689.215,SELL,LIMIT,99.99,23
159,8697.671,BUY,LIMIT,99.96,14
160,8726.845,BUY,LIMIT,99.97,9
161,8783.58,SELL,MARKET,,8
162,8783.966,BUY,LIMIT,99.92,8
163,8818.363,BUY,MARKET,,10
164,8859.267,SELL,MARKET,,24
165,8901.862,SELL,LIMIT,100.03,23
166,8960.359,BUY,LIMIT,99.99,9
167,8964.454,SELL,LIMIT,100.03,14
168,9014.604,BUY,LIMIT,99.99,36
169,9098.984,BUY,MARKET,,5
170,9170.385,BUY,LIMIT,99.95,10
171,9241.715,SELL,LIMIT,100.05,9
172,9257.772,SELL,LIMIT,100.02,9
173,9346.871,BUY,LIMIT,99.96,9
174,9425.338,SELL,LIMIT,100.02,4
175,9460.133,SELL,MARKET,,19
176,9522.776,BUY,MARKET,,11
177,9545.396,SELL,LIMIT,99.99,16
178,9597.504,SELL,MARKET,,13
179,9661.823,BUY,LIMIT,99.93,6
180,9833.452,SELL,MARKET,,13
181,9874.379,SELL,LIMIT,100.04,36
182,9932.204,BUY,LIMIT,99.96,8
183,9942.142,SELL,LIMIT,100.01,7
184,9946.158,BUY,LIMIT,99.95,17
185,10000.383,BUY,LIMIT,99.99,3
186,10049.389,SELL,MARKET,,6
187,10224.036,SELL,LIMIT,100.06,7
188,10392.516,SELL,LIMIT,100.01,15
189,10421.561,SELL,LIMIT,100.04,9
190,10432.699,BUY,LIMIT,100.0,10
191,10568.827,BUY,LIMIT,99.96,5
192,10715.149,SELL,LIMIT,100.12,9
193,10738.567,BUY,LIMIT,100.0,21
194,10745.968,SELL,LIMIT,100.02,15
195,10746.232,BUY,LIMIT,99.92,12
196,10783.746,SELL,LIMIT,100.0,5
197,10832.497,BUY,LIMIT,99.95,11
198,10875.286,BUY,LIMIT,99.98,7
199,10885.656,BUY,LIMIT,99.98,28
200,10962.842,BUY,LIMIT,99.97,16
201,11028.856,BUY,LIMIT,99.95,8
202,11068.34,BUY,LIMIT,99.97,26
203,11078.402,BUY,LIMIT,99.89,8
204,11103.795,SELL,LIMIT,100.08,6
205,11179.693,SELL,LIMIT,100.1,9
206,11208.661,SELL,LIMIT,100.06,10
207,11245.284,BUY,LIMIT,100.03,18
208,11284.709,BUY,MARKET,,13
209,11330.852,BUY,LIMIT,100.02,12
210,11411.599,BUY,LIMIT,100.04,17
211,11413.37,BUY,LIMIT,100.02,8
212,11459.825,SELL,LIMIT,100.07,19
213,11497.519,SELL,LIMIT,100.07,10
214,11538.758,SELL,LIMIT,100.06,15
215,11868.364,BUY,MARKET,,16
216,11885.514,BUY,LIMIT,99.93,20
217,11921.054,BUY,LIMIT,100.01,10
218,11963.518,BUY,LIMIT,100.02,16
219,12036.821,BUY,MARKET,,8
220,12068.173,SELL,MARKET,,21
221,12112.484,BUY,LIMIT,99.95,7
222,12131.963,BUY,LIMIT,99.94,5
223,12171.982,SELL,LIMIT,100.06,14
224,12215.434,SELL,LIMIT,100.08,13
225,12288.261,BUY,LIMIT,100.0,9
226,12346.019,SELL,MARKET,,4
227,12379.125,SELL,LIMIT,100.05,23
228,12477.709,BUY,LIMIT,100.0,6
229,12484.245,BUY,MARKET,,19
230,12648.664,SELL,LIMIT,100.08,7
231,12924.356,SELL,LIMIT,100.05,5
232,12954.909,BUY,LIMIT,100.0,6
233,13047.437,SELL,LIMIT,100.03,7
234,13073.25,SELL,MARKET,,11
235,13090.276,SELL,LIMIT,100.03,6
236,13110.983,BUY,LIMIT,99.98,10
237,13118.352,SELL,LIMIT,100.02,19
238,13143.31,SELL,LIMIT,100.04,10
239,13184.692,BUY,LIMIT,99.96,30
240,13242.937,SELL,LIMIT,100.05,10
241,13306.797,SELL,MARKET,,12
242,13454.82,BUY,MARKET,,8
243,13513.46,SELL,LIMIT,100.06,6
244,13567.729,SELL,LIMIT,100.01,19
245,13589.599,SELL,LIMIT,100.02,6
246,13602.335,SELL,LIMIT,100.06,10
247,13643.439,SELL,LIMIT,100.06,15
248,13668.527,BUY,LIMIT,100.0,14
249,13697.731,SELL,LIMIT,100.1,6
250,13713.577,BUY,LIMIT,99.96,11
251,13716.273,SELL,LIMIT,100.02,21
252,13742.393,SELL,LIMIT,100.07,7
253,13745.443,BUY,LIMIT,100.0,51
254,13747.343,SELL,LIMIT,100.02,8
255,13885.265,SELL,LIMIT,100.03,11
256,14088.974,SELL,LIMIT,100.06,9
257,14184.184,SELL,LIMIT,100.03,5
258,14199.055,BUY,LIMIT,99.94,13
259,14208.704,SELL,LIMIT,100.05,7
260,14228.252,BUY,LIMIT,99.99,5
261,14228.828,SELL,LIMIT,100.03,6
262,14254.822,SELL,LIMIT,100.07,20
263,14267.3,SELL,LIMIT,100.07,12
264,14307.14,BUY,LIMIT,99.96,16
265,14344.416,SELL,MARKET,,11
266,14384.08,BUY,LIMIT,100.0,7
267,14390.259,SELL,MARKET,,11
268,14420.464,SELL,LIMIT,100.01,8
269,14484.701,SELL,LIMIT,100.06,11
270,14505.821,BUY,LIMIT,99.98,7
271,14578.406,SELL,LIMIT,100.09,5
272,14602.106,BUY,LIMIT,99.97,5
273,14639.735,BUY,LIMIT,99.94,25
274,14703.221,SELL,LIMIT,100.02,8
275,14841.779,BUY,MARKET,,15
276,14979.409,BUY,LIMIT,99.99,12
277,15046.867,SELL,LIMIT,100.01,10
278,15131.45,SELL,LIMIT,100.07,15
279,15235.928,BUY,LIMIT,100.0,12
280,15302.369,SELL,LIMIT,100.02,6
281,15326.364,SELL,LIMIT,100.04,8
282,15364.966,BUY,LIMIT,99.95,73
283,15405.707,SELL,LIMIT,100.0,13
284,15421.338,BUY,LIMIT,99.99,26
285,15462.256,BUY,LIMIT,99.98,10
286,15508.624,SELL,LIMIT,100.03,16
287,15546.765,SELL,LIMIT,100.02,10
288,15745.776,SELL,LIMIT,100.01,8
289,15758.281,BUY,LIMIT,99.87,11
290,15766.549,BUY,LIMIT,99.9,10
291,15824.284,SELL,LIMIT,100.03,10
292,15903.515,BUY,LIMIT,99.94,25
293,15954.849,BUY,LIMIT,99.95,12
294,15963.036,SELL,LIMIT,99.99,16
295,15996.041,BUY,MARKET,,11
296,16033.731,SELL,MARKET,,27
297,16115.769,BUY,LIMIT,99.91,5
298,16130.314,SELL,LIMIT,99.95,24
299,16144.248,BUY,LIMIT,99.87,12
300,16170.231,SELL,MARKET,,10
301,16246.942,BUY,LIMIT,99.84,16
302,16262.752,SELL,LIMIT,99.98,14
303,16325.116,BUY,LIMIT,99.9,16
304,16381.626,SELL,LIMIT,100.0,26
305,16385.71,SELL,MARKET,,7
306,16406.531,SELL,LIMIT,99.98,19
307,16436.472,SELL,LIMIT,99.97,5
308,16460.38,SELL,LIMIT,100.01,18
309,16527.668,SELL,MARKET,,8
310,16534.775,SELL,LIMIT,99.99,9
311,16556.616,SELL,LIMIT,99.95,7
312,16621.137,BUY,LIMIT,99.93,9
313,16639.052,BUY,MARKET,,9
314,16672.156,SELL,LIMIT,99.95,14
315,16683.036,BUY,LIMIT,99.8,6
316,16764.538,SELL,LIMIT,99.99,6
317,16911.675,SELL,LIMIT,100.05,20
318,16971.04,BUY,LIMIT,99.89,16
319,17105.502,BUY,LIMIT,99.86,24
320,17167.115,SELL,LIMIT,99.91,12
321,17185.151,BUY,LIMIT,99.83,10
322,17220.474,SELL,LIMIT,99.98,3
323,17258.965,BUY,MARKET,,5
324,17268.062,BUY,LIMIT,99.87,4
325,17273.661,SELL,LIMIT,99.97,12
326,17286.15,SELL,LIMIT,99.96,13
327,17589.952,BUY,LIMIT,99.8,14
328,17610.961,BUY,LIMIT,99.9,9
329,17613.246,BUY,MARKET,,8
330,17693.731,BUY,LIMIT,99.9,7
331,17724.731,SELL,LIMIT,99.96,13
332,17791.585,SELL,LIMIT,99.96,13
333,17861.367,BUY,LIMIT,99.88,11
334,17872.341,SELL,LIMIT,99.97,20
335,17896.945,BUY,LIMIT,99.86,19
336,17958.151,BUY,LIMIT,99.92,7
337,17981.516,SELL,LIMIT,99.94,9
338,18031.978,BUY,LIMIT,99.91,6
339,18061.961,SELL,LIMIT,99.96,6
340,18103.19,SELL,LIMIT,99.97,15
341,18112.341,BUY,LIMIT,99.93,4
342,18154.037,SELL,LIMIT,99.96,17
343,18240.507,SELL,LIMIT,100.13,14
344,18604.642,SELL,LIMIT,100.01,14
345,18687.864,SELL,LIMIT,99.98,8
346,18764.684,BUY,LIMIT,99.91,11
347,18773.903,SELL,LIMIT,99.98,12
348,18938.438,SELL,LIMIT,100.17,15
349,19038.963,BUY,LIMIT,99.88,23
350,19072.577,SELL,LIMIT,99.98,16
351,19141.853,SELL,LIMIT,100.0,19
352,19235.773,SELL,LIMIT,100.01,19
353,19255.267,SELL,LIMIT,99.97,2
354,19359.882,SELL,LIMIT,99.97,16
355,19385.119,BUY,LIMIT,99.94,6
356,19389.176,BUY,LIMIT,99.92,5
357,19395.602,SELL,LIMIT,99.99,7
358,19477.585,SELL,LIMIT,99.97,5
359,19581.357,BUY,MARKET,,12
360,19590.32,BUY,LIMIT,99.95,7
361,19688.612,BUY,MARKET,,8
362,19766.902,SELL,LIMIT,99.96,14
363,19783.67,BUY,LIMIT,99.9,7
364,19819.288,SELL,LIMIT,99.97,10
365,19853.904,BUY,LIMIT,99.8,11
366,19911.338,SELL,LIMIT,100.03,10
367,19946.1,SELL,LIMIT,99.98,11
368,19962.35,BUY,LIMIT,99.96,20
369,19987.124,BUY,LIMIT,99.95,18
370,20001.142,BUY,LIMIT,99.94,5
371,20068.622,BUY,LIMIT,99.92,11
372,20132.408,SELL,MARKET,,15
373,20241.168,BUY,LIMIT,99.94,10
374,20425.713,BUY,LIMIT,99.95,7
375,20499.926,BUY,LIMIT,99.95,6
376,20524.068,BUY,LIMIT,99.89,19
377,20591.55,BUY,LIMIT,99.94,14
378,20595.605,BUY,LIMIT,99.87,4
379,20612.19,SELL,LIMIT,100.02,11
380,20660.928,SELL,LIMIT,100.01,14
381,20776.28,BUY,LIMIT,99.88,16
382,20776.762,BUY,LIMIT,99.97,14
383,20788.245,SELL,LIMIT,99.99,23
384,20848.585,SELL,LIMIT,99.99,11
385,21015.1,SELL,LIMIT,99.99,28
386,21081.568,SELL,LIMIT,99.98,2
387,21125.507,BUY,LIMIT,99.93,8
388,21292.608,SELL,LIMIT,99.97,6
389,21350.535,BUY,LIMIT,99.88,3
390,21523.265,BUY,LIMIT,99.94,8
391,21592.197,BUY,LIMIT,99.88,7
392,21643.934,SELL,LIMIT,99.96,22
393,21648.759,SELL,MARKET,,22
394,21713.205,BUY,LIMIT,99.93,2
395,21729.283,BUY,MARKET,,12
396,21746.768,SELL,MARKET,,8
397,21757.891,BUY,LIMIT,99.9,16
398,21797.211,SELL,LIMIT,100.0,9
399,21816.412,BUY,LIMIT,99.89,11
400,22208.338,BUY,LIMIT,99.93,12
401,22275.129,BUY,LIMIT,99.79,2
402,22513.761,BUY,LIMIT,99.93,15
403,22558.532,SELL,LIMIT,100.0,11
404,22779.7,SELL,LIMIT,99.97,3
405,22780.706,BUY,LIMIT,99.92,16
406,22790.474,SELL,MARKET,,3
407,22798.112,SELL,LIMIT,99.98,21
408,22803.437,SELL,MARKET,,12
409,22976.712,SELL,LIMIT,100.01,6
410,23035.03,BUY,LIMIT,99.84,21
411,23293.247,BUY,LIMIT,99.94,23
412,23344.28,SELL,MARKET,,14
413,23546.215,BUY,LIMIT,99.89,14
414,23546.788,BUY,LIMIT,99.91,29
415,23549.256,SELL,LIMIT,100.02,10
416,23588.741,SELL,LIMIT,99.96,14
417,23618.75,BUY,LIMIT,99.91,6
418,23684.586,BUY,LIMIT,99.76,8
419,23731.324,BUY,MARKET,,8
420,23861.221,SELL,LIMIT,99.95,5
421,23901.109,BUY,MARKET,,24
422,23933.837,BUY,LIMIT,99.87,25
423,23939.974,SELL,LIMIT,100.03,5
424,23964.486,SELL,LIMIT,99.96,6
425,23977.311,BUY,LIMIT,99.88,3
426,24059.871,BUY,LIMIT,99.85,18
427,24098.212,SELL,LIMIT,99.96,7
428,24194.399,BUY,MARKET,,14
429,24402.321,BUY,MARKET,,22
430,24417.233,BUY,MARKET,,11
431,24514.348,SELL,LIMIT,99.94,16
432,24590.439,SELL,MARKET,,12
433,24757.819,BUY,LIMIT,99.9,6
434,24778.889,SELL,LIMIT,99.94,11
435,24794.997,SELL,MARKET,,18
436,24808.56,SELL,LIMIT,100.01,8
437,24842.386,BUY,LIMIT,99.9,4
438,24916.754,SELL,LIMIT,99.96,5
439,25039.095,SELL,LIMIT,100.01,20
440,25047.752,SELL,MARKET,,6
441,25172.823,BUY,LIMIT,99.86,10
442,25179.435,BUY,LIMIT,99.88,11
443,25188.362,BUY,LIMIT,99.9,4
444,25355.865,BUY,LIMIT,99.88,7
445,25356.878,BUY,LIMIT,99.93,5
446,25500.117,SELL,LIMIT,99.97,8
447,25531.551,SELL,LIMIT,99.97,22
448,25576.593,SELL,LIMIT,99.99,8
449,25596.255,SELL,LIMIT,100.09,12
450,25632.672,BUY,LIMIT,99.88,14
451,25689.762,BUY,LIMIT,99.72,7
452,25714.336,BUY,LIMIT,99.9,17
453,25746.624,SELL,LIMIT,100.04,7
454,25753.469,BUY,LIMIT,99.86,12
455,25766.106,SELL,LIMIT,100.06,7
456,25797.264,SELL,MARKET,,14
457,25845.73,BUY,LIMIT,99.87,8
458,25848.509,BUY,MARKET,,6
459,25890.638,BUY,LIMIT,99.91,17
460,25940.49,SELL,LIMIT,99.97,4
461,25949.723,BUY,LIMIT,99.91,3
462,25999.909,SELL,LIMIT,99.99,9
463,26019.355,BUY,MARKET,,8
464,26054.347,BUY,MARKET,,9
465,26091.477,BUY,LIMIT,99.88,8
466,26239.383,SELL,MARKET,,10
467,26301.469,BUY,LIMIT,99.95,21
468,26346.53,BUY,LIMIT,99.98,14
469,26370.452,SELL,LIMIT,100.0,17
470,26388.365,BUY,LIMIT,99.98,11
471,26477.156,BUY,LIMIT,99.92,10
472,26552.4,BUY,LIMIT,99.97,5
473,26672.996,SELL,LIMIT,100.02,28
474,26681.072,BUY,LIMIT,99.99,7
475,26905.069,SELL,LIMIT,100.01,3
476,26923.818,BUY,MARKET,,29
477,26933.166,SELL,LIMIT,100.03,15
478,26954.148,SELL,LIMIT,100.03,30
479,26986.676,BUY,MARKET,,12
480,27129.446,BUY,LIMIT,99.95,26
481,27139.445,SELL,LIMIT,100.07,22
482,27172.929,SELL,MARKET,,7
483,27233.895,BUY,LIMIT,99.95,7
484,27294.19,SELL,LIMIT,100.01,6
485,27318.487,BUY,MARKET,,25
486,27350.164,BUY,MARKET,,10
487,27525.734,BUY,LIMIT,99.97,9
488,27530.341,SELL,LIMIT,100.15,9
489,27570.166,BUY,LIMIT,99.86,36
490,27611.481,SELL,LIMIT,100.03,6
491,27641.78,SELL,LIMIT,100.03,9
492,27695.56,SELL,LIMIT,100.05,20
493,27718.972,BUY,LIMIT,99.96,36
494,27745.287,BUY,LIMIT,99.88,8
495,27821.317,SELL,MARKET,,3
496,27912.16,BUY,LIMIT,99.97,5
497,27949.95,SELL,LIMIT,100.02,11
498,27959.703,BUY,LIMIT,99.98,7
499,28066.852,SELL,LIMIT,100.03,13
500,28092.216,SELL,LIMIT,100.0,7
501,28161.217,SELL,LIMIT,100.1,12
502,28210.148,SELL,LIMIT,100.0,5
503,28260.798,BUY,LIMIT,99.96,44
504,28322.713,SELL,LIMIT,100.04,9
505,28325.627,BUY,LIMIT,99.96,14
506,28364.581,SELL,MARKET,,11
507,28441.276,SELL,LIMIT,100.03,8
508,28518.861,SELL,LIMIT,100.04,14
509,28620.431,SELL,LIMIT,100.14,18
510,28690.778,BUY,LIMIT,99.9,8
511,28748.167,BUY,LIMIT,100.02,5
512,28763.51,SELL,MARKET,,6
513,28765.548,BUY,LIMIT,99.98,17
514,28843.558,SELL,MARKET,,16
515,29000.872,BUY,LIMIT,100.01,11
516,29022.365,SELL,LIMIT,100.03,9
517,29092.108,BUY,MARKET,,8
518,29143.506,BUY,LIMIT,99.97,21
519,29182.358,BUY,LIMIT,99.95,5
520,29211.848,SELL,LIMIT,100.02,13
521,29221.008,BUY,LIMIT,100.01,12
522,29278.831,BUY,LIMIT,99.95,7
523,29282.574,BUY,MARKET,,13
524,29286.377,SELL,LIMIT,100.07,7
525,29310.931,SELL,LIMIT,100.05,15
526,29362.212,BUY,LIMIT,100.0,12
527,29493.799,SELL,LIMIT,100.05,9
528,29547.846,BUY,LIMIT,100.02,6
529,29587.299,BUY,LIMIT,99.95,11
530,29626.95,SELL,LIMIT,100.09,13
531,29744.976,BUY,LIMIT,100.03,15
532,29754.981,BUY,LIMIT,99.94,11
533,29758.468,BUY,LIMIT,100.01,8
534,29811.747,SELL,LIMIT,100.13,7
535,29859.647,BUY,LIMIT,100.01,7
536,29859.89,BUY,LIMIT,99.97,7
537,29916.796,SELL,LIMIT,100.04,6
538,29926.461,BUY,LIMIT,99.94,4
539,29941.735,BUY,LIMIT,99.94,26
540,30025.472,SELL,LIMIT,100.04,5
541,30137.681,SELL,LIMIT,100.04,4
542,30182.213,SELL,MARKET,,10
543,30204.83,BUY,LIMIT,99.96,11
544,30240.921,BUY,LIMIT,99.91,16
545,30263.142,SELL,LIMIT,100.04,4
546,30299.62,SELL,LIMIT,100.13,12
547,30472.416,SELL,LIMIT,100.06,11
548,30525.435,BUY,LIMIT,100.02,24
549,30547.197,SELL,LIMIT,100.08,12
550,30554.678,BUY,MARKET,,12
551,30565.024,BUY,LIMIT,100.01,8
552,30621.256,BUY,LIMIT,99.99,9
553,30628.097,BUY,MARKET,,11
554,30636.039,SELL,LIMIT,100.06,32
555,30701.132,SELL,LIMIT,100.05,12
556,30733.989,SELL,LIMIT,100.1,15
557,30787.878,BUY,LIMIT,100.01,9
558,30800.934,BUY,MARKET,,10
559,30809.034,BUY,LIMIT,99.98,10
560,30841.947,BUY,LIMIT,99.95,14
561,30865.078,SELL,LIMIT,100.07,16
562,30909.542,BUY,LIMIT,99.99,3
563,30948.776,BUY,MARKET,,10
564,30972.278,SELL,LIMIT,100.01,8
565,30987.422,SELL,LIMIT,100.04,23
566,30998.81,SELL,LIMIT,100.04,2
567,31041.907,SELL,LIMIT,100.09,19
568,31071.49,BUY,MARKET,,10
569,31152.176,BUY,LIMIT,99.88,9
570,31164.712,BUY,LIMIT,99.9,7
571,31181.589,BUY,LIMIT,99.94,13
572,31192.853,SELL,LIMIT,100.09,10
573,31240.603,BUY,LIMIT,99.98,7
574,31295.985,BUY,LIMIT,99.97,3
575,31419.245,SELL,LIMIT,100.05,11
576,31552.004,BUY,LIMIT,100.0,13
577,31721.156,SELL,LIMIT,100.09,24
578,31752.032,BUY,LIMIT,100.01,6
579,31764.479,BUY,LIMIT,100.01,7
580,31824.815,BUY,LIMIT,100.01,15
581,31865.248,SELL,LIMIT,100.04,11
582,31933.8,SELL,LIMIT,100.04,7
583,31946.817,BUY,LIMIT,100.01,14
584,31950.904,SELL,LIMIT,100.1,10
585,31983.821,SELL,LIMIT,100.21,5
586,32107.672,SELL,LIMIT,100.08,10
587,32142.578,BUY,LIMIT,100.03,10
588,32143.0,BUY,LIMIT,100.04,4
589,32153.361,BUY,LIMIT,99.92,8
590,32180.938,SELL,LIMIT,100.08,9
591,32374.753,BUY,LIMIT,100.0,20
592,32471.757,BUY,LIMIT,99.99,10
593,32499.125,SELL,LIMIT,100.06,12
594,32524.533,BUY,MARKET,,18
595,32574.227,SELL,LIMIT,100.07,14
596,32595.318,BUY,LIMIT,100.0,13
597,32647.79,BUY,LIMIT,100.03,7
598,32722.316,BUY,LIMIT,100.03,12
599,32731.486,SELL,LIMIT,100.1,3
600,32735.607,BUY,LIMIT,100.01,17
601,32760.771,SELL,LIMIT,100.09,9
602,32857.051,BUY,LIMIT,99.93,12
603,32866.182,BUY,MARKET,,24
604,32867.518,BUY,MARKET,,11
605,33001.629,SELL,LIMIT,100.1,9
606,33039.035,BUY,MARKET,,2
607,33138.879,SELL,LIMIT,100.04,27
608,33183.56,SELL,LIMIT,100.08,7
609,33222.35,BUY,LIMIT,100.02,7
610,33222.355,BUY,LIMIT,100.02,24
611,33222.814,SELL,LIMIT,100.12,11
612,33329.736,SELL,LIMIT,100.11,24
613,33342.197,SELL,LIMIT,100.07,22
614,33401.393,SELL,LIMIT,100.08,7
615,33404.939,SELL,MARKET,,9
616,33465.217,BUY,LIMIT,100.02,20
617,33471.896,BUY,LIMIT,100.02,10
618,33490.563,SELL,LIMIT,100.07,16
619,33583.313,BUY,LIMIT,100.01,11
620,33696.337,SELL,LIMIT,100.04,14
621,33770.088,BUY,LIMIT,100.02,8
622,33806.905,SELL,LIMIT,100.15,25
623,33846.784,SELL,LIMIT,100.03,9
624,33901.718,BUY,LIMIT,99.98,6
625,33908.09,BUY,MARKET,,9
626,33931.303,BUY,LIMIT,99.99,58
627,34221.314,BUY,MARKET,,16
628,34299.697,SELL,LIMIT,100.16,34
629,34381.569,BUY,MARKET,,6
630,34396.0,SELL,LIMIT,100.03,11
631,34437.816,SELL,LIMIT,100.02,26
632,34536.323,BUY,LIMIT,99.95,20
633,34566.587,SELL,LIMIT,100.08,12
634,34614.992,BUY,LIMIT,99.95,8
635,34649.405,BUY,LIMIT,99.97,12
636,34686.438,BUY,LIMIT,99.97,16
637,34719.653,BUY,LIMIT,99.89,14
638,34780.071,BUY,LIMIT,99.93,6
639,34890.329,SELL,LIMIT,99.97,26
640,34917.218,BUY,LIMIT,99.94,16
641,34927.721,BUY,LIMIT,99.84,11
642,34996.263,SELL,LIMIT,100.02,9
643,35074.885,SELL,LIMIT,100.02,11
644,35210.428,SELL,LIMIT,100.0,22
645,35229.965,BUY,LIMIT,99.92,15
646,35260.076,BUY,LIMIT,99.79,12
647,35511.201,BUY,LIMIT,99.94,29
648,35527.347,BUY,MARKET,,10
649,35542.74,BUY,LIMIT,99.89,5
650,35667.72,BUY,LIMIT,99.9,16
651,35786.831,SELL,MARKET,,17
652,35862.566,SELL,LIMIT,100.05,5
653,35964.495,BUY,LIMIT,99.92,4
654,35983.727,BUY,LIMIT,99.92,3
655,36280.715,BUY,LIMIT,99.95,9
656,36285.022,BUY,LIMIT,99.95,8
657,36344.867,BUY,LIMIT,99.97,8
658,36386.049,BUY,LIMIT,99.97,8
659,36428.952,SELL,LIMIT,100.0,6
660,36430.178,BUY,LIMIT,99.94,25
661,36438.058,BUY,LIMIT,99.95,5
662,36439.209,BUY,LIMIT,99.93,6
663,36504.661,BUY,LIMIT,99.85,10
664,36507.761,SELL,MARKET,,9
665,36603.316,SELL,LIMIT,99.96,29
666,36616.46,BUY,LIMIT,99.92,11
667,36627.547,BUY,MARKET,,19
668,36661.208,BUY,MARKET,,13
669,36679.208,SELL,LIMIT,100.0,11
670,36687.435,BUY,MARKET,,14
671,36700.336,BUY,LIMIT,99.93,12
672,36707.401,BUY,LIMIT,99.91,7
673,36765.724,BUY,LIMIT,99.86,22
674,36807.327,SELL,MARKET,,11
675,36817.502,BUY,LIMIT,99.9,19
676,36843.99,SELL,LIMIT,99.97,13
677,36889.351,BUY,LIMIT,99.9,10
678,36935.758,SELL,LIMIT,99.98,10
679,36948.585,BUY,LIMIT,99.84,4
680,36959.92,BUY,LIMIT,99.82,8
681,37018.136,SELL,LIMIT,99.99,21
682,37105.092,SELL,LIMIT,100.09,12
683,37156.369,BUY,LIMIT,99.95,7
684,37197.157,BUY,LIMIT,99.95,8
685,37214.594,BUY,LIMIT,99.92,4
686,37224.503,BUY,LIMIT,99.95,4
687,37337.969,SELL,MARKET,,6
688,37400.117,BUY,MARKET,,18
689,37404.575,SELL,LIMIT,100.11,11
690,37444.539,BUY,LIMIT,99.91,12
691,37546.097,BUY,LIMIT,99.92,16
692,37595.333,BUY,LIMIT,99.92,10
693,37677.704,SELL,LIMIT,99.97,10
694,37681.841,BUY,LIMIT,99.89,13
695,37769.062,BUY,MARKET,,12
696,37865.211,SELL,LIMIT,99.94,6
697,37919.287,BUY,LIMIT,99.88,9
698,37992.449,SELL,LIMIT,100.01,4
699,37998.955,SELL,LIMIT,99.98,7
700,38001.953,BUY,LIMIT,99.9,6
701,38020.978,SELL,LIMIT,99.99,10
702,38055.41,BUY,LIMIT,99.94,8
703,38061.7,BUY,LIMIT,99.95,12
704,38064.028,BUY,MARKET,,7
705,38142.107,SELL,LIMIT,99.98,6
706,38189.962,BUY,LIMIT,99.87,23
707,38222.132,BUY,LIMIT,99.9,24
708,38242.539,SELL,LIMIT,99.96,10
709,38299.23,BUY,LIMIT,99.9,23
710,38323.909,BUY,LIMIT,99.89,14
711,38325.516,BUY,LIMIT,99.93,4
712,38337.692,BUY,MARKET,,37
713,38459.988,BUY,LIMIT,99.85,6
714,38493.019,SELL,LIMIT,99.97,9
715,38529.963,SELL,LIMIT,100.0,11
716,38561.413,BUY,LIMIT,99.89,6
717,38580.122,SELL,LIMIT,99.95,12
718,38635.725,BUY,LIMIT,99.92,29
719,38641.125,SELL,LIMIT,99.95,11
720,38659.779,SELL,MARKET,,5
721,38664.281,BUY,LIMIT,99.84,15
722,38693.796,SELL,LIMIT,99.94,40
723,38697.886,SELL,LIMIT,99.95,28
724,38703.002,SELL,LIMIT,100.06,7
725,38713.13,SELL,LIMIT,100.04,9
726,38745.379,SELL,LIMIT,99.96,20
727,38752.193,SELL,LIMIT,100.01,6
728,38830.808,SELL,LIMIT,99.97,13
729,39013.083,BUY,LIMIT,99.87,15
730,39041.661,SELL,LIMIT,99.97,12
731,39175.244,SELL,MARKET,,12
732,39180.382,BUY,LIMIT,99.92,14
733,39225.749,SELL,LIMIT,100.01,6
734,39233.227,BUY,LIMIT,99.91,9
735,39281.027,BUY,LIMIT,99.87,4
736,39337.93,SELL,LIMIT,100.0,13
737,39432.004,SELL,MARKET,,8
738,39481.075,SELL,LIMIT,100.01,7
739,39488.562,SELL,LIMIT,100.0,9
740,39591.636,BUY,MARKET,,12
741,39699.729,SELL,LIMIT,99.99,13
742,39727.322,SELL,LIMIT,100.01,9
743,39761.795,BUY,LIMIT,99.98,28
744,39763.497,SELL,LIMIT,100.0,9
745,39771.16,SELL,LIMIT,100.01,9
746,39932.62,SELL,LIMIT,100.09,10
747,39962.88,SELL,LIMIT,100.12,15
748,39964.678,SELL,LIMIT,100.03,4
749,39973.939,SELL,LIMIT,100.02,8
750,40009.159,SELL,LIMIT,100.03,7
751,40076.789,BUY,LIMIT,99.93,13
752,40086.432,BUY,LIMIT,99.93,18
753,40090.84,BUY,LIMIT,99.93,9
754,40144.879,BUY,LIMIT,99.94,6
755,40215.303,BUY,LIMIT,99.96,4
756,40285.106,BUY,LIMIT,99.94,10
757,40387.223,SELL,LIMIT,100.01,12
758,40512.1,SELL,LIMIT,100.02,8
759,40517.272,SELL,LIMIT,100.05,4
760,40590.864,SELL,LIMIT,100.2,8
761,40648.703,BUY,LIMIT,99.98,3
762,40760.903,BUY,LIMIT,99.98,15
763,40814.316,BUY,LIMIT,99.95,6
764,40951.902,SELL,LIMIT,100.03,5
765,41025.36,SELL,LIMIT,100.02,16
766,41045.583,SELL,LIMIT,100.02,9
767,41177.546,SELL,LIMIT,100.03,4
768,41299.414,SELL,MARKET,,4
769,41313.838,BUY,LIMIT,100.0,13
770,41374.046,BUY,LIMIT,99.89,10
771,41466.957,BUY,LIMIT,100.01,10
772,41603.657,SELL,LIMIT,100.05,4
773,41765.772,SELL,LIMIT,100.03,5
774,41937.117,BUY,LIMIT,100.0,9
775,41965.929,BUY,MARKET,,6
776,42044.617,SELL,LIMIT,100.16,5
777,42065.221,BUY,LIMIT,100.02,14
778,42205.966,BUY,LIMIT,100.02,10
779,42324.82,BUY,LIMIT,99.99,3
780,42415.017,BUY,MARKET,,13
781,42418.277,SELL,LIMIT,100.1,15
782,42424.714,BUY,LIMIT,99.89,4
783,42433.913,BUY,LIMIT,99.92,25
784,42509.091,SELL,MARKET,,17
785,42525.776,SELL,LIMIT,100.04,13
786,42552.33,BUY,LIMIT,99.96,11
787,42639.904,SELL,LIMIT,100.06,10
788,42689.142,SELL,MARKET,,6
789,42781.967,SELL,LIMIT,100.06,7
790,42802.312,SELL,MARKET,,10
791,42915.039,SELL,LIMIT,100.05,4
792,42934.742,BUY,LIMIT,100.03,8
793,42966.58,BUY,LIMIT,100.03,22
794,42991.076,SELL,LIMIT,100.07,3
795,42994.151,BUY,LIMIT,99.99,6
796,43102.909,BUY,LIMIT,99.97,11
797,43278.464,BUY,MARKET,,20
798,43550.508,SELL,LIMIT,100.05,24
799,43564.669,SELL,LIMIT,100.12,11
800,43607.3,SELL,LIMIT,100.03,9
801,43609.01,SELL,LIMIT,100.09,18
802,43622.766,BUY,LIMIT,99.99,6
803,43636.426,BUY,LIMIT,99.99,44
804,43705.201,SELL,LIMIT,100.01,13
805,43807.812,SELL,LIMIT,100.02,12
806,43866.493,BUY,LIMIT,99.95,17
807,43909.303,BUY,LIMIT,99.98,25
808,44029.702,BUY,MARKET,,7
809,44052.454,BUY,LIMIT,99.93,6
810,44091.241,SELL,LIMIT,100.06,36
811,44161.194,BUY,LIMIT,99.91,10
812,44163.994,SELL,LIMIT,100.04,19
813,44201.948,SELL,LIMIT,100.04,18
814,44392.976,BUY,LIMIT,99.98,6
815,44452.691,BUY,LIMIT,99.98,12
816,44627.315,BUY,LIMIT,99.98,10
817,44670.536,SELL,LIMIT,100.07,11
818,44701.161,BUY,LIMIT,100.0,15
819,44724.414,BUY,MARKET,,12
820,44762.734,BUY,LIMIT,99.96,12
821,44776.318,SELL,LIMIT,100.03,8
822,44837.72,SELL,LIMIT,100.02,1
823,44875.86,BUY,LIMIT,99.97,5
824,44895.159,SELL,LIMIT,100.01,24
825,44960.357,SELL,LIMIT,100.05,11
826,44986.034,BUY,LIMIT,99.99,11
827,45123.217,BUY,MARKET,,11
828,45178.887,SELL,LIMIT,100.01,67
829,45298.429,SELL,MARKET,,18
830,45321.756,SELL,LIMIT,100.15,15
831,45567.05,SELL,LIMIT,100.07,23
832,45680.425,BUY,MARKET,,10
833,45815.692,SELL,MARKET,,3
834,45842.458,SELL,LIMIT,100.05,6
835,45866.503,SELL,MARKET,,6
836,45897.633,BUY,LIMIT,99.96,15
837,45904.262,SELL,LIMIT,100.02,13
838,45910.617,SELL,LIMIT,100.0,18
839,45952.304,SELL,LIMIT,100.03,13
840,45988.23,BUY,LIMIT,99.99,5
841,46093.547,SELL,LIMIT,100.01,4
842,46115.548,SELL,LIMIT,100.11,11
843,46125.669,BUY,LIMIT,99.89,29
844,46143.58,SELL,MARKET,,16
845,46144.229,SELL,LIMIT,100.02,2
846,46149.631,BUY,LIMIT,99.91,12
847,46301.977,BUY,LIMIT,99.89,5
848,46360.706,SELL,LIMIT,100.02,15
849,46422.582,BUY,LIMIT,99.89,6
850,46429.278,BUY,LIMIT,99.9,10
851,46440.208,BUY,LIMIT,99.85,5
852,46440.724,BUY,LIMIT,99.93,17
853,46462.381,BUY,LIMIT,99.81,20
854,46471.132,BUY,LIMIT,99.92,40
855,46508.76,BUY,LIMIT,99.93,9
856,46518.996,BUY,LIMIT,99.93,9
857,46531.906,SELL,MARKET,,25
858,46572.63,BUY,LIMIT,99.92,6
859,46591.329,SELL,LIMIT,99.97,24
860,46688.495,SELL,LIMIT,99.97,13
861,46725.472,BUY,MARKET,,7
862,46915.341,BUY,MARKET,,21
863,46960.53,BUY,LIMIT,99.94,10
864,47033.146,SELL,LIMIT,100.04,20
865,47088.078,SELL,LIMIT,99.98,9
866,47121.681,BUY,MARKET,,42
867,47156.152,BUY,LIMIT,99.9,4
868,47161.217,SELL,LIMIT,99.95,14
869,47176.385,BUY,LIMIT,99.93,4
870,47200.58,SELL,LIMIT,99.95,4
871,47276.146,BUY,LIMIT,99.94,15
872,47281.938,SELL,LIMIT,100.01,11
873,47378.266,BUY,LIMIT,99.93,8
874,47380.574,SELL,LIMIT,100.03,8
875,47401.741,SELL,LIMIT,100.02,5
876,47446.631,BUY,LIMIT,99.97,5
877,47448.536,SELL,LIMIT,100.09,5
878,47492.871,SELL,LIMIT,100.01,4
879,47551.57,SELL,LIMIT,100.05,12
880,47569.369,BUY,LIMIT,99.9,11
881,47571.804,SELL,LIMIT,100.02,12
882,47587.771,SELL,LIMIT,100.0,10
883,47642.222,BUY,LIMIT,99.96,10
884,47681.877,BUY,LIMIT,99.96,6
885,47719.919,SELL,LIMIT,100.03,6
886,47750.959,BUY,LIMIT,99.9,18
887,47849.331,BUY,LIMIT,99.93,8
888,47907.385,SELL,LIMIT,99.95,7
889,48144.567,BUY,LIMIT,99.92,6
890,48196.25,SELL,LIMIT,99.94,18
891,48213.939,SELL,LIMIT,99.97,19
892,48305.509,BUY,LIMIT,99.89,10
893,48360.074,SELL,LIMIT,99.94,16
894,48378.875,SELL,LIMIT,100.0,18
895,48384.523,SELL,LIMIT,99.95,12
896,48407.999,SELL,LIMIT,99.95,7
897,48484.686,SELL,LIMIT,99.93,6
898,48602.501,BUY,LIMIT,99.83,5
899,48621.002,SELL,LIMIT,99.96,10
900,48650.207,SELL,LIMIT,100.01,15
901,48748.305,SELL,LIMIT,99.98,16
902,48750.029,BUY,LIMIT,99.78,9
903,48842.023,SELL,LIMIT,99.98,30
904,48877.317,SELL,LIMIT,99.98,16
905,48878.704,BUY,LIMIT,99.83,5
906,48928.187,BUY,MARKET,,4
907,49001.153,BUY,LIMIT,99.86,16
908,49033.693,BUY,LIMIT,99.87,6
909,49043.731,BUY,MARKET,,12
910,49048.39,BUY,LIMIT,99.84,11
911,49206.933,BUY,MARKET,,11
912,49338.686,SELL,MARKET,,13
913,49437.688,SELL,LIMIT,99.96,5
914,49464.781,BUY,MARKET,,9
915,49508.503,SELL,MARKET,,8
916,49691.759,BUY,LIMIT,99.89,14
917,49696.766,BUY,LIMIT,99.91,15
918,49699.095,SELL,LIMIT,99.96,12
919,49714.17,SELL,LIMIT,100.02,6
920,49751.966,SELL,MARKET,,16
921,49767.276,SELL,LIMIT,99.94,22
922,49770.01,BUY,LIMIT,99.9,4
923,49798.683,BUY,LIMIT,99.73,11
924,49804.65,BUY,MARKET,,7
925,49840.189,BUY,LIMIT,99.77,11
926,49867.118,BUY,LIMIT,99.86,18
927,49892.176,BUY,LIMIT,99.9,13
928,50047.455,BUY,LIMIT,99.9,13
929,50194.724,BUY,LIMIT,99.91,12
930,50197.581,SELL,MARKET,,7
931,50271.256,BUY,MARKET,,6
932,50296.997,BUY,MARKET,,10
933,50379.083,BUY,LIMIT,99.91,8
934,50408.562,SELL,LIMIT,99.96,5
935,50431.524,SELL,LIMIT,99.92,17
936,50487.943,BUY,LIMIT,99.89,12
937,50519.519,SELL,LIMIT,100.08,13
938,50533.813,SELL,LIMIT,99.95,24
939,50569.548,BUY,LIMIT,99.85,16
940,50613.59,BUY,MARKET,,12
941,50623.647,BUY,MARKET,,17
942,50667.888,SELL,LIMIT,99.94,7
943,50736.612,SELL,LIMIT,99.93,10
944,50742.815,SELL,LIMIT,99.94,19
945,50807.53,SELL,LIMIT,100.05,25
946,50812.116,BUY,LIMIT,99.83,13
947,50813.475,BUY,LIMIT,99.87,19
948,50824.068,SELL,MARKET,,9
949,50940.419,SELL,LIMIT,99.94,24
950,50951.66,SELL,MARKET,,39
951,50996.958,SELL,MARKET,,8
952,51061.437,SELL,LIMIT,99.93,11
953,51113.686,BUY,LIMIT,99.8,6
954,51114.737,BUY,LIMIT,99.89,10
955,51172.492,SELL,MARKET,,5
956,51333.19,SELL,LIMIT,100.0,25
957,51349.787,BUY,LIMIT,99.93,5
958,51355.105,SELL,LIMIT,99.95,18
959,51363.74,BUY,LIMIT,99.93,6
960,51405.014,SELL,LIMIT,100.02,33
961,51445.726,BUY,LIMIT,99.83,9
962,51537.857,BUY,LIMIT,99.89,11
963,51546.996,BUY,LIMIT,99.91,7
964,51582.246,BUY,LIMIT,99.91,15
965,51593.522,BUY,LIMIT,99.86,7
966,51597.976,SELL,LIMIT,99.98,9
967,51678.892,SELL,LIMIT,100.06,11
968,51822.781,BUY,LIMIT,99.87,10
969,51843.428,BUY,LIMIT,99.91,4
970,52033.661,SELL,LIMIT,100.03,51
971,52097.587,SELL,MARKET,,6
972,52224.155,SELL,LIMIT,99.96,12
973,52276.938,SELL,LIMIT,100.03,9
974,52294.882,SELL,LIMIT,100.01,23
975,52333.794,BUY,LIMIT,99.92,6
976,52334.979,SELL,LIMIT,100.01,7
977,52356.864,BUY,LIMIT,99.9,5
978,52370.329,BUY,LIMIT,99.93,28
979,52426.133,SELL,LIMIT,99.98,7
980,52512.668,SELL,MARKET,,36
981,52516.943,SELL,LIMIT,99.98,9
982,52554.298,SELL,LIMIT,99.99,15
983,52563.185,BUY,LIMIT,99.92,27
984,52600.845,BUY,LIMIT,99.95,4
985,52728.204,SELL,MARKET,,8
986,52765.192,SELL,LIMIT,99.96,3
987,52783.396,BUY,LIMIT,99.88,10
988,52813.504,SELL,LIMIT,100.0,16
989,52848.64,SELL,LIMIT,99.95,13
990,52897.651,SELL,LIMIT,100.04,8
991,52953.152,SELL,LIMIT,100.03,16
992,53032.672,SELL,LIMIT,99.96,11
993,53080.881,BUY,LIMIT,99.92,17
994,53081.823,BUY,LIMIT,99.94,23
995,53086.246,SELL,LIMIT,99.97,9
996,53184.426,SELL,LIMIT,99.97,6
997,53192.202,BUY,LIMIT,99.83,12
998,53354.57,BUY,LIMIT,99.93,17
999,53496.573,BUY,LIMIT,99.88,12
1000,53566.368,BUY,LIMIT,99.92,11
1001,53567.835,BUY,LIMIT,99.94,11
1002,53573.186,BUY,LIMIT,99.93,3
1003,53584.56,SELL,LIMIT,99.96,29
1004,53586.695,SELL,LIMIT,100.0,12
1005,53589.798,SELL,LIMIT,100.04,8
1006,53639.81,SELL,MARKET,,18
1007,53657.689,BUY,LIMIT,99.9,5
1008,53738.678,SELL,LIMIT,100.13,13
1009,53792.954,SELL,LIMIT,100.1,12
1010,53826.521,BUY,LIMIT,99.92,28
1011,53882.296,SELL,LIMIT,99.99,2
1012,53942.002,BUY,LIMIT,99.84,9
1013,53943.001,SELL,LIMIT,100.03,20
1014,53955.497,SELL,MARKET,,10
1015,54002.071,BUY,LIMIT,99.9,6
1016,54036.761,BUY,LIMIT,99.9,15
1017,54040.141,BUY,MARKET,,2
1018,54041.31,SELL,LIMIT,100.03,4
1019,54097.215,BUY,LIMIT,99.93,18
1020,54103.705,SELL,LIMIT,99.98,10
1021,54128.572,BUY,LIMIT,99.88,17
1022,54148.538,BUY,MARKET,,9
1023,54228.32,SELL,LIMIT,99.97,20
1024,54241.828,SELL,LIMIT,99.97,11
1025,54244.958,SELL,LIMIT,100.0,22
1026,54262.897,SELL,MARKET,,15
1027,54280.369,SELL,MARKET,,14
1028,54326.131,BUY,LIMIT,99.91,8
1029,54331.47,BUY,LIMIT,99.93,7
1030,54376.685,BUY,LIMIT,99.93,10
1031,54409.516,SELL,LIMIT,99.95,12
1032,54462.251,SELL,LIMIT,99.98,5
1033,54508.484,SELL,LIMIT,99.97,12
1034,54522.034,BUY,LIMIT,99.94,16
1035,54577.144,SELL,LIMIT,99.98,12
1036,54585.997,BUY,LIMIT,99.85,16
1037,54617.416,BUY,LIMIT,99.89,8
1038,54704.875,SELL,MARKET,,7
1039,54712.556,BUY,LIMIT,99.84,6
1040,54724.911,BUY,LIMIT,99.9,6
1041,54730.793,SELL,LIMIT,99.95,9
1042,54768.218,SELL,LIMIT,99.95,15
1043,54791.974,SELL,LIMIT,100.1,12
1044,54830.311,BUY,LIMIT,99.94,16
1045,54834.556,BUY,LIMIT,99.93,8
1046,54844.418,SELL,LIMIT,99.99,24
1047,54887.934,BUY,LIMIT,99.87,9
1048,54900.267,SELL,LIMIT,100.08,7
1049,54907.48,SELL,LIMIT,99.98,12
1050,54956.007,SELL,LIMIT,99.99,16
1051,54980.101,SELL,LIMIT,100.0,9
1052,55072.55,BUY,LIMIT,99.84,6
1053,55090.578,SELL,LIMIT,100.0,16
1054,55105.71,SELL,LIMIT,99.99,39
1055,55106.308,BUY,LIMIT,99.96,13
1056,55119.619,SELL,LIMIT,100.01,15
1057,55130.022,SELL,LIMIT,100.02,11
1058,55173.101,SELL,LIMIT,99.99,8
1059,55230.982,SELL,LIMIT,99.99,6
1060,55277.173,SELL,LIMIT,99.99,8
1061,55287.607,SELL,LIMIT,100.0,4
1062,55289.236,SELL,MARKET,,9
1063,55306.438,BUY,LIMIT,99.96,5
1064,55426.732,BUY,LIMIT,99.97,7
1065,55451.364,BUY,MARKET,,6
1066,55513.201,BUY,LIMIT,99.87,12
1067,55570.934,BUY,MARKET,,6
1068,55608.246,SELL,LIMIT,100.03,14
1069,55714.675,SELL,LIMIT,100.04,6
1070,55797.708,SELL,LIMIT,100.08,16
1071,55918.57,BUY,LIMIT,99.85,5
1072,55935.828,BUY,LIMIT,99.93,14
1073,55958.829,BUY,LIMIT,99.9,9
1074,55970.449,SELL,MARKET,,15
1075,56001.435,SELL,LIMIT,99.99,19
1076,56070.486,SELL,MARKET,,11
1077,56220.291,SELL,LIMIT,100.03,6
1078,56258.54,BUY,MARKET,,23
1079,56266.872,BUY,LIMIT,99.94,13
1080,56326.53,BUY,LIMIT,99.94,33
1081,56458.658,BUY,LIMIT,99.95,28
1082,56461.921,BUY,LIMIT,99.94,11
1083,56481.401,BUY,LIMIT,99.85,8
1084,56494.626,SELL,LIMIT,99.96,7
1085,56548.268,SELL,MARKET,,20
1086,56621.221,BUY,LIMIT,99.88,27
1087,56635.734,SELL,LIMIT,99.99,13
1088,56686.176,SELL,LIMIT,100.0,22
1089,56721.948,BUY,LIMIT,99.91,14
1090,56735.433,BUY,LIMIT,99.95,8
1091,56743.658,BUY,LIMIT,99.89,25
1092,56848.571,SELL,LIMIT,100.01,6
1093,56917.996,SELL,LIMIT,99.94,13
1094,57021.059,SELL,LIMIT,99.97,4
1095,57174.648,BUY,LIMIT,99.91,5
1096,57253.942,BUY,LIMIT,99.88,10
1097,57264.945,BUY,LIMIT,99.89,7
1098,57287.227,BUY,LIMIT,99.88,12
1099,57295.7,SELL,MARKET,,4
1100,57366.818,BUY,LIMIT,99.91,8
1101,57383.468,SELL,MARKET,,5
1102,57391.873,BUY,MARKET,,10
1103,57425.683,SELL,LIMIT,99.93,10
1104,57470.057,BUY,LIMIT,99.9,31
1105,57491.487,SELL,LIMIT,99.94,5
1106,57519.073,BUY,LIMIT,99.8,6
1107,57520.506,BUY,LIMIT,99.89,13
1108,57566.59,BUY,MARKET,,22
1109,57690.965,BUY,LIMIT,99.92,6
1110,57705.541,SELL,LIMIT,99.99,14
1111,57789.703,BUY,LIMIT,99.9,11
1112,57855.736,BUY,LIMIT,99.87,7
1113,58004.028,BUY,LIMIT,99.91,3
1114,58019.04,SELL,LIMIT,100.03,3
1115,58023.199,SELL,MARKET,,6
1116,58094.666,BUY,LIMIT,99.78,22
1117,58096.804,BUY,LIMIT,99.87,19
1118,58130.073,SELL,LIMIT,99.93,13
1119,58149.006,SELL,LIMIT,99.92,5
1120,58169.049,BUY,LIMIT,99.84,4
1121,58270.679,BUY,LIMIT,99.85,14
1122,58297.326,BUY,LIMIT,99.75,9
1123,58379.724,SELL,LIMIT,99.91,33
1124,58401.136,BUY,LIMIT,99.86,7
1125,58437.84,BUY,MARKET,,15
1126,58493.739,SELL,LIMIT,99.91,3
1127,58507.52,BUY,LIMIT,99.82,5
1128,58570.418,SELL,LIMIT,99.92,7
1129,58602.76,BUY,LIMIT,99.76,13
1130,58682.129,BUY,LIMIT,99.81,13
1131,58705.79,SELL,LIMIT,99.95,23
1132,58719.078,BUY,LIMIT,99.87,7
1133,58729.5,SELL,MARKET,,7
1134,58796.265,BUY,LIMIT,99.86,8
1135,58870.028,BUY,LIMIT,99.84,6
1136,58908.669,SELL,MARKET,,10
1137,58954.667,BUY,LIMIT,99.85,9
1138,58988.829,SELL,MARKET,,15
1139,59051.903,BUY,LIMIT,99.88,16
1140,59085.327,SELL,LIMIT,99.94,11
1141,59141.971,SELL,LIMIT,99.93,5
1142,59152.822,SELL,MARKET,,4
1143,59253.264,SELL,LIMIT,99.9,3
1144,59270.465,BUY,LIMIT,99.82,17
1145,59327.175,BUY,LIMIT,99.72,12
1146,59330.074,SELL,LIMIT,99.9,12
1147,59331.803,SELL,LIMIT,99.93,7
1148,59411.119,BUY,LIMIT,99.8,12
1149,59464.069,BUY,MARKET,,4
1150,59519.32,BUY,MARKET,,12
1151,59535.311,BUY,LIMIT,99.89,10
1152,59563.739,BUY,MARKET,,14
1153,59647.536,SELL,LIMIT,99.93,19
1154,59684.12,BUY,LIMIT,99.88,12
1155,59783.146,BUY,MARKET,,9
1156,59785.143,BUY,LIMIT,99.89,4
1157,59789.563,SELL,LIMIT,99.93,2
1158,59789.567,BUY,LIMIT,99.86,23
1159,59818.999,SELL,LIMIT,99.92,22
1160,59857.632,BUY,LIMIT,99.87,16
1161,59864.837,BUY,LIMIT,99.86,15
1162,59904.746,SELL,LIMIT,99.89,4
1163,59961.177,BUY,LIMIT,99.88,13
1164,59984.45,BUY,LIMIT,99.89,24
1165,59985.762,BUY,MARKET,,11
1166,60036.869,SELL,LIMIT,99.91,15
1167,60042.023,SELL,LIMIT,99.96,4
1168,60146.201,SELL,MARKET,,7
1169,60162.765,BUY,LIMIT,99.88,21
1170,60183.934,SELL,LIMIT,99.91,7
1171,60207.739,SELL,MARKET,,13
1172,60254.654,SELL,LIMIT,100.1,18
1173,60270.79,BUY,LIMIT,99.84,22
1174,60289.541,BUY,MARKET,,7
1175,60332.362,SELL,LIMIT,99.93,9
1176,60397.977,SELL,LIMIT,100.15,8
1177,60518.869,BUY,LIMIT,99.86,14
1178,60586.027,BUY,LIMIT,99.78,46
1179,60623.093,BUY,MARKET,,20
1180,60775.427,SELL,LIMIT,99.93,6
1181,60848.138,SELL,LIMIT,99.92,3
1182,60890.202,SELL,LIMIT,100.02,12
1183,61027.19,SELL,MARKET,,4
1184,61044.906,BUY,LIMIT,99.82,9
1185,61073.082,BUY,LIMIT,99.77,3
1186,61073.429,SELL,LIMIT,99.91,7
1187,61083.485,SELL,MARKET,,7
1188,61092.312,SELL,MARKET,,6
1189,61099.487,SELL,LIMIT,99.9,6
1190,61154.204,BUY,LIMIT,99.85,29
1191,61173.848,SELL,LIMIT,100.01,18
1192,61179.66,BUY,MARKET,,12
1193,61268.209,BUY,LIMIT,99.87,9
1194,61282.444,BUY,LIMIT,99.82,2
1195,61293.502,BUY,LIMIT,99.86,13
1196,61306.53,SELL,MARKET,,8
1197,61311.297,SELL,LIMIT,99.89,12
1198,61331.784,BUY,LIMIT,99.82,8
1199,61348.248,SELL,LIMIT,99.97,13
1200,61365.044,BUY,LIMIT,99.85,10
1201,61370.956,BUY,LIMIT,99.82,6
1202,61454.002,SELL,LIMIT,99.91,11
1203,61459.625,BUY,MARKET,,15
1204,61489.134,BUY,LIMIT,99.85,7
1205,61560.696,BUY,MARKET,,5
1206,61575.249,SELL,LIMIT,99.93,5
1207,61709.172,BUY,LIMIT,99.88,20
1208,61865.127,BUY,LIMIT,99.86,43
1209,62043.087,SELL,LIMIT,99.9,16
1210,62058.925,BUY,LIMIT,99.86,53
1211,62137.112,SELL,LIMIT,99.88,16
1212,62146.495,BUY,LIMIT,99.81,19
1213,62153.629,BUY,LIMIT,99.85,20
1214,62153.699,SELL,LIMIT,99.99,17
1215,62160.87,SELL,LIMIT,99.88,61
1216,62236.166,BUY,LIMIT,99.83,18
1217,62285.372,BUY,LIMIT,99.87,6
1218,62367.815,SELL,LIMIT,99.91,14
1219,62484.041,SELL,LIMIT,99.89,16
1220,62517.759,BUY,LIMIT,99.88,7
1221,62542.819,BUY,MARKET,,6
1222,62662.736,BUY,LIMIT,99.88,5
1223,62668.564,BUY,MARKET,,15
1224,62808.08,BUY,LIMIT,99.87,19
1225,62893.338,BUY,LIMIT,99.86,11
1226,62902.243,SELL,LIMIT,99.9,17
1227,62908.81,BUY,MARKET,,6
1228,62999.352,BUY,LIMIT,99.88,9
1229,63052.615,SELL,LIMIT,99.94,22
1230,63286.87,BUY,LIMIT,99.85,5
1231,63309.223,BUY,LIMIT,99.85,11
1232,63366.106,SELL,LIMIT,99.87,17
1233,63400.688,SELL,LIMIT,99.9,13
1234,63425.452,SELL,LIMIT,99.87,8
1235,63433.266,BUY,LIMIT,99.84,7
1236,63492.379,SELL,MARKET,,8
1237,63531.07,BUY,LIMIT,99.82,8
1238,63590.197,BUY,LIMIT,99.85,5
1239,63684.638,BUY,LIMIT,99.87,17
1240,63772.599,BUY,MARKET,,13
1241,63838.64,SELL,LIMIT,99.93,12
1242,63929.475,BUY,MARKET,,9
1243,63933.484,SELL,MARKET,,3
1244,64002.422,SELL,LIMIT,99.96,8
1245,64003.087,BUY,MARKET,,14
1246,64012.62,BUY,LIMIT,99.85,23
1247,64074.756,SELL,LIMIT,99.91,27
1248,64081.441,SELL,LIMIT,99.88,3
1249,64122.409,BUY,LIMIT,99.85,6
1250,64210.206,BUY,LIMIT,99.82,7
1251,64214.256,SELL,MARKET,,6
1252,64217.634,BUY,LIMIT,99.85,12
1253,64219.279,BUY,LIMIT,99.83,14
1254,64221.617,BUY,LIMIT,99.86,8
1255,64247.003,SELL,LIMIT,99.92,5
1256,64314.636,BUY,MARKET,,18
1257,64416.193,SELL,LIMIT,99.89,3
1258,64568.88,BUY,LIMIT,99.78,14
1259,64734.632,SELL,LIMIT,99.84,6
1260,64875.42,SELL,LIMIT,100.06,15
1261,64976.492,BUY,LIMIT,99.8,6
1262,64980.022,SELL,LIMIT,99.84,15
1263,65193.971,SELL,LIMIT,99.84,4
1264,65195.991,SELL,LIMIT,99.92,4
1265,65347.865,BUY,LIMIT,99.81,16
1266,65399.488,BUY,LIMIT,99.81,7
1267,65423.054,SELL,LIMIT,99.87,32
1268,65444.511,SELL,MARKET,,7
1269,65604.893,SELL,LIMIT,99.87,10
1270,65637.228,SELL,MARKET,,5
1271,65688.34,BUY,LIMIT,99.79,7
1272,65689.501,SELL,LIMIT,99.91,9
1273,65751.776,SELL,LIMIT,99.92,2
1274,65756.626,SELL,LIMIT,99.89,10
1275,65833.217,SELL,LIMIT,99.93,9
1276,65909.627,BUY,MARKET,,16
1277,65929.185,SELL,MARKET,,10
1278,66007.7,SELL,LIMIT,99.96,27
1279,66058.632,BUY,MARKET,,14
1280,66118.242,BUY,LIMIT,99.9,7
1281,66175.156,SELL,LIMIT,99.91,23
1282,66276.312,SELL,LIMIT,99.94,9
1283,66315.407,SELL,MARKET,,6
1284,66325.141,BUY,LIMIT,99.89,31
1285,66353.908,BUY,LIMIT,99.84,3
1286,66401.798,BUY,LIMIT,99.85,9
1287,66403.457,SELL,LIMIT,99.98,11
1288,66500.473,SELL,LIMIT,100.0,6
1289,66561.315,SELL,MARKET,,8
1290,66577.991,SELL,LIMIT,100.02,11
1291,66597.089,SELL,LIMIT,100.06,4
1292,66685.262,SELL,MARKET,,10
1293,66690.506,BUY,LIMIT,99.89,12
1294,66730.756,BUY,MARKET,,14
1295,66778.885,BUY,LIMIT,99.92,19
1296,66789.209,BUY,LIMIT,99.9,3
1297,66866.31,SELL,LIMIT,99.97,14
1298,66871.768,BUY,MARKET,,4
1299,66894.192,BUY,LIMIT,99.93,14
1300,66913.005,BUY,LIMIT,99.95,5
1301,66959.659,BUY,LIMIT,99.74,10
1302,66999.195,SELL,LIMIT,99.95,10
1303,67100.018,BUY,MARKET,,13
1304,67116.005,BUY,LIMIT,99.88,4
1305,67150.244,SELL,LIMIT,99.94,11
1306,67161.767,SELL,LIMIT,99.96,11
1307,67180.958,SELL,LIMIT,99.96,7
1308,67184.28,BUY,LIMIT,99.89,8
1309,67289.161,SELL,LIMIT,99.92,17
1310,67299.445,BUY,LIMIT,99.88,6
1311,67299.929,BUY,LIMIT,99.9,11
1312,67313.17,SELL,LIMIT,99.91,5
1313,67376.156,BUY,LIMIT,99.86,14
1314,67460.094,BUY,MARKET,,10
1315,67476.132,BUY,LIMIT,99.85,11
1316,67477.207,BUY,LIMIT,99.86,18
1317,67590.294,BUY,LIMIT,99.87,8
1318,67617.108,SELL,LIMIT,99.9,10
1319,67634.83,SELL,LIMIT,100.02,5
1320,67682.944,BUY,MARKET,,6
1321,67711.551,BUY,LIMIT,99.76,2
1322,67939.681,BUY,LIMIT,99.8,5
1323,67987.115,SELL,LIMIT,99.89,5
1324,67993.865,BUY,LIMIT,99.8,23
1325,68023.465,BUY,LIMIT,99.83,21
1326,68089.092,BUY,LIMIT,99.85,4
1327,68192.22,BUY,LIMIT,99.87,10
1328,68247.729,SELL,LIMIT,99.89,5
1329,68285.23,SELL,LIMIT,99.91,9
1330,68320.341,BUY,LIMIT,99.86,9
1331,68331.687,BUY,MARKET,,8
1332,68482.991,BUY,MARKET,,14
1333,68498.425,BUY,LIMIT,99.87,8
1334,68518.729,SELL,LIMIT,99.89,2
1335,68529.508,SELL,LIMIT,99.89,13
1336,68535.289,BUY,LIMIT,99.85,8
1337,68540.614,SELL,LIMIT,99.86,7
1338,68617.64,SELL,LIMIT,99.87,30
1339,68684.819,BUY,LIMIT,99.81,6
1340,68715.187,SELL,LIMIT,99.86,2
1341,68715.676,SELL,LIMIT,99.88,7
1342,68801.119,SELL,LIMIT,99.88,7
1343,68806.05,SELL,LIMIT,99.91,10
1344,68806.732,SELL,LIMIT,99.94,28
1345,68812.714,BUY,MARKET,,9
1346,69069.245,SELL,MARKET,,13
1347,69097.414,BUY,LIMIT,99.72,33
1348,69212.156,BUY,LIMIT,99.8,19
1349,69239.159,SELL,LIMIT,99.89,35
1350,69245.719,SELL,LIMIT,99.93,8
1351,69246.138,BUY,LIMIT,99.86,13
1352,69263.14,SELL,MARKET,,5
1353,69308.096,SELL,LIMIT,99.9,7
1354,69324.748,BUY,LIMIT,99.83,3
1355,69353.035,SELL,LIMIT,99.9,5
1356,69403.708,SELL,LIMIT,99.88,7
1357,69422.315,SELL,LIMIT,99.89,13
1358,69433.441,SELL,LIMIT,99.88,4
1359,69482.927,BUY,LIMIT,99.77,9
1360,69512.088,SELL,LIMIT,99.89,9
1361,69513.491,BUY,LIMIT,99.83,20
1362,69531.496,SELL,MARKET,,11
1363,69548.857,SELL,MARKET,,14
1364,69620.84,SELL,LIMIT,99.87,4
1365,69707.122,SELL,LIMIT,99.94,4
1366,69742.873,BUY,LIMIT,99.84,70
1367,69750.206,BUY,LIMIT,99.86,9
1368,69756.298,BUY,LIMIT,99.86,6
1369,69788.396,SELL,LIMIT,99.99,7
1370,69798.566,SELL,LIMIT,99.92,26
1371,69826.879,BUY,LIMIT,99.81,12
1372,69894.554,BUY,LIMIT,99.86,10
1373,69919.366,BUY,LIMIT,99.82,6
1374,69925.765,BUY,LIMIT,99.88,16
1375,69955.157,BUY,LIMIT,99.83,4
1376,69990.136,SELL,LIMIT,99.9,4
1377,70031.544,BUY,LIMIT,99.83,7
1378,70155.486,SELL,LIMIT,99.93,15
1379,70286.634,SELL,MARKET,,7
1380,70312.491,BUY,LIMIT,99.89,23
1381,70383.828,BUY,MARKET,,16
1382,70407.274,BUY,LIMIT,99.9,14
1383,70632.184,BUY,LIMIT,99.89,13
1384,70699.953,BUY,MARKET,,19
1385,70799.889,BUY,LIMIT,99.79,16
1386,70810.434,SELL,LIMIT,99.93,17
1387,70859.538,BUY,LIMIT,99.91,10
1388,70894.067,SELL,MARKET,,16
1389,70982.123,SELL,MARKET,,4
1390,71078.055,SELL,LIMIT,99.92,13
1391,71109.892,BUY,MARKET,,9
1392,71219.367,BUY,LIMIT,99.83,5
1393,71341.07,BUY,LIMIT,99.82,12
1394,71431.161,BUY,LIMIT,99.89,7
1395,71563.672,SELL,LIMIT,99.92,10
1396,71591.911,BUY,MARKET,,20
1397,71690.322,BUY,LIMIT,99.9,24
1398,71718.403,BUY,MARKET,,4
1399,71835.34,BUY,LIMIT,99.8,7
1400,71835.845,BUY,LIMIT,99.9,33
1401,71839.831,SELL,LIMIT,99.91,6
1402,71853.832,BUY,LIMIT,99.87,6
1403,71887.985,SELL,LIMIT,99.99,9
1404,71910.844,SELL,LIMIT,99.93,18
1405,71949.825,BUY,LIMIT,99.87,25
1406,71953.91,BUY,LIMIT,99.85,6
1407,72026.147,BUY,LIMIT,99.87,7
1408,72113.922,BUY,LIMIT,99.83,10
1409,72138.201,BUY,LIMIT,99.85,9
1410,72156.404,SELL,LIMIT,99.96,15
1411,72244.463,BUY,LIMIT,99.84,18
1412,72272.354,BUY,LIMIT,99.83,11
1413,72335.863,SELL,LIMIT,99.9,6
1414,72374.996,SELL,MARKET,,7
1415,72389.414,BUY,MARKET,,11
1416,72404.775,SELL,LIMIT,99.91,4
1417,72437.492,BUY,LIMIT,99.85,31
1418,72466.522,SELL,LIMIT,99.92,7
1419,72569.012,BUY,LIMIT,99.85,5
1420,72598.03,BUY,LIMIT,99.88,10
1421,72611.404,BUY,LIMIT,99.88,6
1422,72653.645,SELL,MARKET,,9
1423,72654.896,SELL,LIMIT,99.93,13
1424,72836.429,BUY,LIMIT,99.89,19
1425,72912.334,SELL,LIMIT,99.92,13
1426,72920.464,BUY,LIMIT,99.78,17
1427,72926.927,BUY,LIMIT,99.86,10
1428,72937.774,SELL,LIMIT,99.93,7
1429,73117.265,BUY,LIMIT,99.79,9
1430,73158.366,SELL,LIMIT,99.95,9
1431,73200.488,BUY,LIMIT,99.9,15
1432,73279.934,SELL,MARKET,,8
1433,73287.966,BUY,LIMIT,99.83,6
1434,73421.019,BUY,MARKET,,4
1435,73479.585,BUY,LIMIT,99.88,8
1436,73486.402,BUY,LIMIT,99.92,13
1437,73743.332,BUY,LIMIT,99.9,9
1438,73773.202,SELL,LIMIT,99.96,6
1439,73845.814,BUY,LIMIT,99.93,13
1440,73876.028,SELL,LIMIT,100.0,4
1441,73889.243,SELL,MARKET,,10
1442,73924.73,SELL,LIMIT,99.96,7
1443,74008.827,BUY,LIMIT,99.93,18
1444,74030.162,BUY,LIMIT,99.91,7
1445,74170.175,BUY,LIMIT,99.89,6
1446,74261.427,BUY,MARKET,,12
1447,74261.761,BUY,LIMIT,99.94,22
1448,74291.185,SELL,LIMIT,99.96,39
1449,74320.571,SELL,LIMIT,100.03,5
1450,74324.689,BUY,LIMIT,99.94,10
1451,74374.486,BUY,LIMIT,99.94,22
1452,74509.17,SELL,LIMIT,100.01,25
1453,74658.146,BUY,LIMIT,99.94,16
1454,74669.033,BUY,LIMIT,99.97,10
1455,74719.395,BUY,MARKET,,4
1456,74731.089,BUY,LIMIT,99.94,7
1457,74781.856,BUY,LIMIT,99.88,32
1458,74815.545,SELL,LIMIT,100.01,8
1459,74980.277,SELL,LIMIT,100.01,6
1460,74989.968,BUY,LIMIT,99.95,14
1461,74991.438,BUY,LIMIT,99.91,7
1462,75016.266,SELL,LIMIT,100.08,4
1463,75037.029,BUY,LIMIT,99.96,11
1464,75048.576,BUY,LIMIT,99.96,6
1465,75049.582,BUY,LIMIT,100.0,18
1466,75102.782,BUY,LIMIT,100.0,5
1467,75200.989,SELL,LIMIT,100.1,8
1468,75267.077,BUY,LIMIT,99.93,11
1469,75345.43,BUY,LIMIT,99.97,15
1470,75347.148,BUY,LIMIT,99.97,6
1471,75451.773,BUY,MARKET,,10
1472,75517.731,BUY,LIMIT,99.95,12
1473,75606.764,SELL,LIMIT,100.03,14
1474,75637.472,SELL,LIMIT,100.03,8
1475,75650.039,SELL,LIMIT,100.09,10
1476,75650.908,SELL,LIMIT,100.05,15
1477,75694.031,SELL,LIMIT,100.01,10
1478,75712.628,BUY,MARKET,,10
1479,75720.247,SELL,LIMIT,100.05,13
1480,75754.25,SELL,LIMIT,100.05,22
1481,75769.859,SELL,LIMIT,99.98,13
1482,75831.558,BUY,LIMIT,99.93,6
1483,75933.472,BUY,LIMIT,99.92,13
1484,75941.006,SELL,LIMIT,99.98,9
1485,76068.539,SELL,LIMIT,100.01,7
1486,76076.168,BUY,LIMIT,99.84,7
1487,76108.112,SELL,LIMIT,100.02,15
1488,76145.268,SELL,MARKET,,9
1489,76148.739,SELL,LIMIT,99.97,5
1490,76153.714,SELL,LIMIT,99.97,33
1491,76174.867,BUY,LIMIT,99.88,25
1492,76193.113,SELL,LIMIT,99.99,12
1493,76238.015,BUY,LIMIT,99.92,15
1494,76258.051,SELL,LIMIT,100.01,37
1495,76269.794,BUY,LIMIT,99.93,14
1496,76278.799,BUY,LIMIT,99.85,4
1497,76307.762,SELL,LIMIT,99.99,4
1498,76331.447,SELL,LIMIT,100.04,8
1499,76377.939,BUY,LIMIT,99.87,39
1500,76419.043,SELL,LIMIT,99.99,9
1501,76420.324,SELL,LIMIT,99.97,8
1502,76524.817,SELL,LIMIT,100.05,8
1503,76568.934,BUY,LIMIT,99.84,10
1504,76584.878,SELL,LIMIT,99.98,8
1505,76627.33,SELL,LIMIT,99.99,10
1506,76731.277,BUY,MARKET,,3
1507,76833.641,BUY,LIMIT,99.86,4
1508,76834.482,SELL,LIMIT,99.96,9
1509,76889.087,BUY,MARKET,,20
1510,76954.361,BUY,LIMIT,99.92,5
1511,76963.857,BUY,LIMIT,99.91,5
1512,77054.284,SELL,MARKET,,17
1513,77058.803,BUY,LIMIT,99.87,6
1514,77063.041,BUY,LIMIT,99.9,26
1515,77081.63,SELL,LIMIT,99.96,8
1516,77092.058,BUY,LIMIT,99.92,9
1517,77113.995,SELL,LIMIT,99.97,29
1518,77123.34,SELL,LIMIT,99.99,24
1519,77175.264,SELL,LIMIT,100.01,10
1520,77254.329,BUY,LIMIT,99.92,12
1521,77261.86,SELL,LIMIT,99.97,11
1522,77322.274,SELL,LIMIT,99.97,9
1523,77374.463,BUY,LIMIT,99.93,10
1524,77375.562,SELL,LIMIT,100.01,16
1525,77389.521,SELL,LIMIT,100.0,9
1526,77521.767,BUY,LIMIT,99.9,22
1527,77523.216,BUY,LIMIT,99.87,13
1528,77543.475,BUY,LIMIT,99.89,18
1529,77552.512,BUY,LIMIT,99.93,8
1530,77650.025,BUY,LIMIT,99.93,13
1531,77650.272,SELL,MARKET,,11
1532,77662.217,SELL,LIMIT,99.98,13
1533,77669.094,BUY,LIMIT,99.92,5
1534,77772.148,SELL,LIMIT,99.96,6
1535,77794.641,BUY,LIMIT,99.88,33
1536,77802.07,BUY,LIMIT,99.9,6
1537,77829.801,SELL,LIMIT,100.0,9
1538,77887.14,BUY,LIMIT,99.93,12
1539,77986.334,BUY,LIMIT,99.94,10
1540,77986.917,SELL,LIMIT,99.97,7
1541,77993.08,SELL,LIMIT,100.04,40
1542,78171.449,BUY,LIMIT,99.92,7
1543,78179.597,SELL,LIMIT,100.03,15
1544,78182.085,BUY,MARKET,,10
1545,78292.072,SELL,LIMIT,99.99,3
1546,78331.198,SELL,LIMIT,99.97,6
1547,78376.487,BUY,LIMIT,99.93,5
1548,78383.224,SELL,LIMIT,99.97,2
1549,78473.29,SELL,MARKET,,8
1550,78520.287,BUY,LIMIT,99.81,16
1551,78521.419,SELL,LIMIT,100.04,13
1552,78600.346,BUY,LIMIT,99.96,16
1553,78669.039,BUY,LIMIT,99.95,33
1554,78725.731,BUY,LIMIT,99.99,9
1555,78741.265,SELL,MARKET,,4
1556,78753.756,SELL,LIMIT,100.04,9
1557,78798.978,SELL,LIMIT,100.04,8
1558,78885.454,SELL,LIMIT,100.02,10
1559,78910.174,BUY,LIMIT,99.95,4
1560,79119.983,BUY,LIMIT,99.94,4
1561,79150.011,BUY,LIMIT,99.94,13
1562,79176.852,BUY,LIMIT,99.97,8
1563,79200.627,BUY,MARKET,,11
1564,79209.293,SELL,LIMIT,100.03,4
1565,79259.042,SELL,LIMIT,100.06,6
1566,79329.742,SELL,LIMIT,100.11,42
1567,79383.125,BUY,LIMIT,99.98,23
1568,79433.713,BUY,MARKET,,15
1569,79579.18,BUY,LIMIT,99.99,16
1570,79614.984,BUY,LIMIT,99.96,6
1571,79677.362,SELL,MARKET,,12
1572,79734.91,BUY,LIMIT,99.86,10
1573,79781.228,BUY,LIMIT,99.95,14
1574,79817.902,SELL,MARKET,,9
1575,79880.837,BUY,LIMIT,99.92,34
1576,79882.874,SELL,LIMIT,100.01,6
1577,79970.087,BUY,LIMIT,99.99,12
1578,79984.012,BUY,LIMIT,99.99,14
1579,80045.747,BUY,LIMIT,100.0,13
1580,80075.674,SELL,LIMIT,100.08,6
1581,80088.162,SELL,LIMIT,100.04,17
1582,80106.336,SELL,LIMIT,100.04,14
1583,80153.09,SELL,LIMIT,100.06,24
1584,80161.12,SELL,LIMIT,100.06,22
1585,80193.526,SELL,LIMIT,100.06,10
1586,80217.265,BUY,LIMIT,99.99,10
1587,80272.509,SELL,LIMIT,100.02,4
1588,80337.746,BUY,LIMIT,99.97,18
1589,80350.709,SELL,LIMIT,100.02,5
1590,80354.187,BUY,LIMIT,99.98,11
1591,80368.978,BUY,LIMIT,99.95,4
1592,80399.424,SELL,LIMIT,100.0,10
1593,80412.336,SELL,LIMIT,100.03,15
1594,80462.579,SELL,MARKET,,6
1595,80501.664,SELL,LIMIT,99.98,5
1596,80565.309,BUY,LIMIT,99.92,6
1597,80581.095,BUY,LIMIT,99.95,5
1598,80596.435,BUY,LIMIT,99.93,10
1599,80602.344,BUY,LIMIT,99.97,25
1600,80611.249,SELL,LIMIT,99.99,18
1601,80669.32,BUY,LIMIT,99.98,7
1602,80687.539,SELL,MARKET,,6
1603,80729.855,SELL,LIMIT,100.05,11
1604,80886.844,SELL,LIMIT,100.01,23
1605,80983.823,SELL,MARKET,,8
1606,81052.19,SELL,LIMIT,100.02,7
1607,81078.072,SELL,LIMIT,100.0,9
1608,81163.406,BUY,LIMIT,99.96,9
1609,81204.236,BUY,LIMIT,99.95,9
1610,81208.103,SELL,LIMIT,100.1,73
1611,81354.702,SELL,LIMIT,100.09,10
1612,81401.362,BUY,MARKET,,12
1613,81424.42,BUY,LIMIT,99.9,39
1614,81527.974,SELL,LIMIT,100.03,9
1615,81567.521,SELL,LIMIT,100.07,13
1616,81640.985,SELL,LIMIT,100.03,30
1617,81653.076,SELL,LIMIT,100.03,5
1618,81787.992,BUY,LIMIT,99.97,22
1619,81829.695,SELL,LIMIT,100.02,12
1620,81895.989,BUY,LIMIT,99.92,12
1621,81989.627,SELL,LIMIT,100.18,30
1622,82017.816,SELL,LIMIT,100.07,20
1623,82021.607,SELL,LIMIT,100.06,19
1624,82039.001,SELL,MARKET,,6
1625,82053.979,SELL,LIMIT,100.03,17
1626,82064.444,BUY,LIMIT,99.96,19
1627,82066.456,SELL,LIMIT,99.98,8
1628,82078.167,BUY,LIMIT,99.94,18
1629,82100.119,SELL,MARKET,,9
1630,82173.817,BUY,MARKET,,13
1631,82244.471,SELL,LIMIT,99.96,24
1632,82256.278,SELL,LIMIT,99.96,8
1633,82419.222,SELL,LIMIT,99.94,12
1634,82479.623,SELL,LIMIT,99.94,15
1635,82480.089,BUY,MARKET,,10
1636,82525.432,SELL,LIMIT,99.95,7
1637,82663.104,BUY,LIMIT,99.8,6
1638,82686.459,SELL,LIMIT,99.93,9
1639,82694.253,BUY,LIMIT,99.86,13
1640,82699.527,BUY,MARKET,,2
1641,82796.473,SELL,MARKET,,13
1642,82815.13,SELL,MARKET,,13
1643,82862.675,BUY,LIMIT,99.87,16
1644,82875.054,BUY,LIMIT,99.91,5
1645,82984.036,BUY,LIMIT,99.9,13
1646,83166.436,SELL,LIMIT,99.93,8
1647,83209.736,BUY,LIMIT,99.86,19
1648,83404.177,BUY,LIMIT,99.84,6
1649,83404.767,SELL,LIMIT,99.93,9
1650,83433.745,SELL,LIMIT,99.96,6
1651,83536.52,SELL,LIMIT,99.99,7
1652,83539.78,SELL,LIMIT,100.08,6
1653,83570.352,BUY,LIMIT,99.91,17
1654,83599.002,BUY,LIMIT,99.8,16
1655,83599.845,SELL,LIMIT,100.0,11
1656,83602.252,SELL,LIMIT,99.98,3
1657,83652.632,BUY,LIMIT,99.88,22
1658,83668.948,SELL,LIMIT,99.97,9
1659,83688.372,SELL,MARKET,,6
1660,83707.042,BUY,MARKET,,9
1661,83793.465,BUY,LIMIT,99.96,8
1662,83807.754,BUY,LIMIT,99.85,5
1663,83872.481,BUY,LIMIT,99.96,7
1664,83923.115,SELL,LIMIT,100.03,11
1665,83951.952,BUY,LIMIT,99.94,25
1666,84056.018,SELL,LIMIT,99.99,13
1667,84065.242,SELL,LIMIT,100.0,13
1668,84087.756,SELL,LIMIT,100.13,8
1669,84187.942,SELL,LIMIT,100.04,6
1670,84202.409,BUY,MARKET,,15
1671,84246.478,SELL,LIMIT,99.99,27
1672,84287.603,SELL,LIMIT,100.08,12
1673,84293.306,BUY,LIMIT,99.99,15
1674,84349.136,SELL,LIMIT,100.06,9
1675,84448.675,SELL,LIMIT,100.03,24
1676,84449.974,BUY,MARKET,,48
1677,84464.593,SELL,LIMIT,100.14,3
1678,84484.209,SELL,LIMIT,100.02,16
1679,84536.456,SELL,LIMIT,100.09,5
1680,84541.109,BUY,LIMIT,100.0,8
1681,84592.119,SELL,LIMIT,100.11,10
1682,84620.911,BUY,LIMIT,100.01,4
1683,84740.663,SELL,LIMIT,100.08,7
1684,84751.734,SELL,LIMIT,100.04,8
1685,84758.872,BUY,LIMIT,99.97,8
1686,84846.345,BUY,LIMIT,100.0,10
1687,85050.85,BUY,LIMIT,99.94,6
1688,85217.888,SELL,LIMIT,100.05,11
1689,85244.467,SELL,LIMIT,100.12,15
1690,85267.587,SELL,LIMIT,100.03,13
1691,85355.44,BUY,LIMIT,99.99,10
1692,85442.96,SELL,LIMIT,100.07,9
1693,85445.693,SELL,LIMIT,100.05,11
1694,85448.656,SELL,LIMIT,100.03,12
1695,85512.103,SELL,LIMIT,100.08,15
1696,85573.01,SELL,LIMIT,100.04,11
1697,85593.073,SELL,MARKET,,11
1698,85611.951,BUY,LIMIT,99.98,13
1699,85677.488,BUY,LIMIT,99.97,14
1700,85687.486,SELL,LIMIT,100.04,5
1701,85747.84,SELL,LIMIT,100.05,8
1702,85757.945,SELL,LIMIT,100.06,8
1703,85773.034,BUY,LIMIT,99.97,5
1704,85777.972,BUY,LIMIT,100.01,12
1705,85782.99,BUY,MARKET,,9
1706,85900.76,SELL,LIMIT,100.14,4
1707,85910.792,SELL,MARKET,,12
1708,85934.225,SELL,LIMIT,100.08,7
1709,86019.687,BUY,LIMIT,99.89,14
1710,86155.78,BUY,LIMIT,99.97,12
1711,86190.203,BUY,LIMIT,99.87,11
1712,86219.908,BUY,LIMIT,99.95,2
1713,86230.341,BUY,LIMIT,99.87,11
1714,86249.665,SELL,LIMIT,100.02,8
1715,86321.76,SELL,LIMIT,99.99,10
1716,86341.155,SELL,LIMIT,100.17,34
1717,86401.171,BUY,LIMIT,99.96,11
1718,86419.99,BUY,MARKET,,8
1719,86586.462,SELL,LIMIT,99.98,6
1720,86646.525,BUY,LIMIT,99.93,7
1721,86709.119,BUY,LIMIT,99.9,5
1722,86824.409,SELL,MARKET,,2
1723,86913.392,SELL,LIMIT,99.94,6
1724,86968.603,SELL,LIMIT,100.01,14
1725,87027.207,SELL,LIMIT,100.0,2
1726,87041.82,SELL,MARKET,,14
1727,87100.299,BUY,MARKET,,22
1728,87110.427,BUY,LIMIT,99.88,8
1729,87127.18,SELL,MARKET,,11
1730,87133.977,SELL,LIMIT,99.9,5
1731,87138.343,BUY,LIMIT,99.86,9
1732,87183.784,BUY,LIMIT,99.83,7
1733,87214.782,BUY,LIMIT,99.89,8
1734,87224.947,SELL,LIMIT,99.92,6
1735,87265.639,SELL,MARKET,,14
1736,87303.847,BUY,LIMIT,99.86,8
1737,87401.094,BUY,LIMIT,99.88,56
1738,87539.493,SELL,LIMIT,99.94,8
1739,87596.917,SELL,LIMIT,100.08,6
1740,87605.227,SELL,LIMIT,99.92,9
1741,87613.964,BUY,LIMIT,99.89,4
1742,87719.896,BUY,LIMIT,99.91,12
1743,87745.922,SELL,LIMIT,99.95,8
1744,87765.649,BUY,LIMIT,99.91,7
1745,87776.47,SELL,LIMIT,99.97,16
1746,87828.112,SELL,MARKET,,3
1747,87845.968,SELL,MARKET,,5
1748,87854.491,SELL,LIMIT,99.96,14
1749,87909.471,BUY,LIMIT,99.89,14
1750,87928.496,BUY,LIMIT,99.89,16
1751,87966.31,BUY,LIMIT,99.86,17
1752,88082.349,BUY,LIMIT,99.9,9
1753,88091.981,BUY,LIMIT,99.91,16
1754,88098.284,SELL,LIMIT,99.96,2
1755,88156.838,BUY,LIMIT,99.9,8
1756,88164.124,SELL,LIMIT,99.92,11
1757,88276.334,SELL,LIMIT,100.09,6
1758,88301.346,BUY,LIMIT,99.83,5
1759,88449.909,SELL,LIMIT,99.96,9
1760,88545.185,SELL,LIMIT,99.98,5
1761,88554.314,BUY,LIMIT,99.87,16
1762,88574.556,BUY,LIMIT,99.77,8
1763,88606.311,BUY,LIMIT,99.86,8
1764,88642.243,SELL,LIMIT,99.91,11
1765,88657.751,BUY,LIMIT,99.79,14
1766,88667.498,BUY,LIMIT,99.86,24
1767,88688.359,BUY,LIMIT,99.84,20
1768,88791.696,BUY,LIMIT,99.88,17
1769,88855.034,BUY,LIMIT,99.83,3
1770,88879.495,BUY,LIMIT,99.88,6
1771,88935.87,BUY,LIMIT,99.87,11
1772,88942.49,BUY,LIMIT,99.83,14
1773,88967.589,SELL,LIMIT,99.95,7
1774,89054.586,BUY,LIMIT,99.88,19
1775,89124.768,BUY,MARKET,,5
1776,89173.127,SELL,MARKET,,26
1777,89173.73,BUY,LIMIT,99.88,13
1778,89192.945,SELL,LIMIT,99.96,10
1779,89261.263,BUY,MARKET,,8
1780,89292.225,SELL,LIMIT,100.04,9
1781,89361.65,BUY,LIMIT,99.87,4
1782,89369.74,BUY,LIMIT,99.87,18
1783,89370.566,BUY,LIMIT,99.93,10
1784,89459.098,SELL,LIMIT,99.98,15
1785,89606.285,SELL,LIMIT,99.95,7
1786,89623.362,SELL,LIMIT,99.96,5
1787,89631.996,SELL,LIMIT,99.97,4
1788,89714.282,BUY,LIMIT,99.8,4
1789,89741.26,SELL,LIMIT,100.04,31
1790,89857.318,SELL,LIMIT,99.98,8
1791,89864.116,BUY,LIMIT,99.9,15
1792,89905.542,SELL,LIMIT,99.94,20
1793,89909.782,SELL,LIMIT,100.02,19
1794,89939.627,BUY,LIMIT,99.92,5
1795,89989.756,SELL,LIMIT,99.97,6
1796,90009.042,BUY,LIMIT,99.89,13
1797,90089.227,BUY,LIMIT,99.91,7
1798,90090.507,SELL,MARKET,,7
1799,90098.493,SELL,LIMIT,100.0,13
1800,90114.472,BUY,LIMIT,99.93,7
1801,90270.771,BUY,LIMIT,99.91,8
1802,90334.509,BUY,LIMIT,99.9,9
1803,90424.925,SELL,LIMIT,100.0,4
1804,90489.072,BUY,LIMIT,99.84,3
1805,90493.89,SELL,LIMIT,99.98,17
1806,90533.275,SELL,LIMIT,99.98,18
1807,90539.397,SELL,LIMIT,99.97,16
1808,90571.968,BUY,LIMIT,99.83,7
1809,90622.269,BUY,LIMIT,99.93,9
1810,90633.434,BUY,LIMIT,99.91,8
1811,90740.139,BUY,LIMIT,99.93,12
1812,90763.583,BUY,LIMIT,99.88,7
1813,90877.687,BUY,LIMIT,99.91,2
1814,90933.4,SELL,LIMIT,99.96,9
1815,91068.616,BUY,LIMIT,99.88,5
1816,91080.678,SELL,LIMIT,99.95,13
1817,91188.55,BUY,LIMIT,99.92,7
1818,91208.868,SELL,LIMIT,99.97,6
1819,91335.669,SELL,LIMIT,99.99,5
1820,91387.56,SELL,MARKET,,9
1821,91461.14,SELL,MARKET,,5
1822,91665.707,BUY,LIMIT,99.86,12
1823,91799.421,BUY,MARKET,,6
1824,91901.352,SELL,LIMIT,99.97,9
1825,91909.672,SELL,LIMIT,99.92,10
1826,91936.259,BUY,LIMIT,99.77,13
1827,91951.809,SELL,LIMIT,99.92,28
1828,92225.891,SELL,LIMIT,99.95,29
1829,92293.732,SELL,MARKET,,5
1830,92333.06,SELL,LIMIT,99.94,6
1831,92359.189,SELL,LIMIT,100.07,14
1832,92415.026,SELL,LIMIT,99.93,25
1833,92435.26,SELL,LIMIT,99.94,54
1834,92456.298,BUY,LIMIT,99.87,15
1835,92536.455,BUY,LIMIT,99.87,10
1836,92551.154,BUY,LIMIT,99.85,18
1837,92570.842,SELL,LIMIT,99.94,13
1838,92613.864,SELL,LIMIT,100.1,5
1839,92622.326,BUY,LIMIT,99.84,9
1840,92681.688,BUY,LIMIT,99.91,4
1841,92833.05,BUY,MARKET,,8
1842,92920.963,BUY,MARKET,,9
1843,93065.87,SELL,MARKET,,12
1844,93089.364,SELL,LIMIT,100.05,14
1845,93146.198,SELL,LIMIT,99.94,44
1846,93170.403,BUY,LIMIT,99.89,13
1847,93184.932,BUY,LIMIT,99.84,12
1848,93208.821,BUY,LIMIT,99.89,7
1849,93269.698,BUY,LIMIT,99.91,16
1850,93325.932,SELL,MARKET,,6
1851,93367.558,BUY,LIMIT,99.91,10
1852,93397.607,BUY,MARKET,,12
1853,93455.654,BUY,LIMIT,99.91,6
1854,93513.102,SELL,LIMIT,99.98,11
1855,93535.94,SELL,MARKET,,11
1856,93586.31,SELL,LIMIT,99.97,11
1857,93589.68,SELL,LIMIT,99.98,6
1858,93600.62,SELL,LIMIT,99.99,11
1859,93602.648,BUY,LIMIT,99.89,8
1860,93638.336,BUY,LIMIT,99.92,10
1861,93721.759,BUY,LIMIT,99.87,5
1862,93754.333,BUY,LIMIT,99.88,12
1863,93762.231,BUY,LIMIT,99.91,30
1864,93803.985,SELL,LIMIT,99.93,7
1865,93807.061,BUY,LIMIT,99.84,21
1866,93853.687,BUY,LIMIT,99.91,18
1867,93963.483,BUY,LIMIT,99.9,10
1868,94009.275,BUY,LIMIT,99.88,35
1869,94011.314,SELL,LIMIT,99.98,21
1870,94101.807,SELL,LIMIT,100.01,9
1871,94172.628,BUY,LIMIT,99.93,10
1872,94209.014,BUY,LIMIT,99.93,7
1873,94245.042,SELL,LIMIT,99.99,8
1874,94332.401,SELL,LIMIT,99.99,12
1875,94379.875,BUY,LIMIT,99.91,4
1876,94442.222,SELL,LIMIT,99.99,10
1877,94506.363,BUY,LIMIT,99.89,15
1878,94558.495,SELL,LIMIT,99.99,6
1879,94597.04,SELL,LIMIT,99.97,22
1880,94831.761,SELL,LIMIT,99.98,13
1881,94837.48,SELL,LIMIT,99.96,10
1882,94842.52,SELL,LIMIT,100.05,11
1883,94863.115,SELL,LIMIT,99.98,5
1884,94932.776,SELL,LIMIT,99.97,11
1885,94945.191,SELL,LIMIT,100.01,6
1886,94950.22,SELL,LIMIT,100.01,7
1887,94962.665,BUY,LIMIT,99.95,12
1888,94987.11,BUY,MARKET,,8
1889,95011.374,SELL,MARKET,,14
1890,95067.311,SELL,LIMIT,99.99,21
1891,95113.952,BUY,LIMIT,99.92,14
1892,95191.527,BUY,LIMIT,99.92,7
1893,95204.653,SELL,LIMIT,100.0,12
1894,95207.997,BUY,LIMIT,99.94,8
1895,95272.398,BUY,LIMIT,99.94,7
1896,95284.765,BUY,LIMIT,99.8,6
1897,95289.479,BUY,LIMIT,99.91,6
1898,95304.208,SELL,MARKET,,6
1899,95314.499,SELL,LIMIT,99.95,27
1900,95357.001,BUY,LIMIT,99.92,9
1901,95357.868,BUY,MARKET,,7
1902,95388.913,SELL,LIMIT,99.96,18
1903,95389.352,BUY,LIMIT,99.93,4
1904,95392.279,BUY,MARKET,,7
1905,95491.191,SELL,LIMIT,99.98,7
1906,95497.011,BUY,LIMIT,99.89,5
1907,95497.039,SELL,LIMIT,99.98,11
1908,95534.267,SELL,LIMIT,100.0,18
1909,95548.746,BUY,LIMIT,99.93,15
1910,95594.535,SELL,MARKET,,20
1911,95612.335,SELL,LIMIT,100.01,3
1912,95681.719,BUY,LIMIT,99.93,6
1913,95715.071,SELL,LIMIT,99.96,7
1914,95766.157,SELL,LIMIT,99.96,3
1915,95806.261,SELL,MARKET,,8
1916,95841.595,BUY,MARKET,,13
1917,95842.844,SELL,MARKET,,6
1918,95873.681,SELL,LIMIT,99.92,10
1919,95902.529,SELL,LIMIT,99.92,29
1920,95944.305,BUY,LIMIT,99.88,13
1921,96008.409,BUY,MARKET,,8
1922,96010.549,BUY,LIMIT,99.89,11
1923,96097.962,SELL,LIMIT,99.91,6
1924,96101.38,BUY,LIMIT,99.86,4
1925,96216.213,SELL,LIMIT,100.02,6
1926,96326.201,SELL,LIMIT,99.92,3
1927,96389.24,SELL,LIMIT,99.97,2
1928,96417.686,SELL,LIMIT,99.92,3
1929,96498.579,BUY,LIMIT,99.86,16
1930,96654.958,BUY,LIMIT,99.85,10
1931,96680.487,SELL,LIMIT,99.92,21
1932,96810.756,SELL,LIMIT,99.92,8
1933,96829.165,SELL,LIMIT,99.92,6
1934,96842.566,BUY,LIMIT,99.84,19
1935,96847.871,BUY,LIMIT,99.84,27
1936,96856.108,BUY,LIMIT,99.85,3
1937,96912.883,SELL,LIMIT,99.88,6
1938,96918.149,BUY,LIMIT,99.83,15
1939,96927.462,SELL,MARKET,,13
1940,96964.799,SELL,MARKET,,8
1941,96973.361,BUY,LIMIT,99.87,7
1942,96994.036,SELL,LIMIT,99.9,10
1943,97055.186,SELL,LIMIT,99.9,21
1944,97074.958,SELL,MARKET,,11
1945,97080.654,BUY,MARKET,,16
1946,97144.06,SELL,MARKET,,11
1947,97282.638,SELL,LIMIT,99.88,8
1948,97285.146,SELL,LIMIT,99.94,3
1949,97361.706,SELL,LIMIT,99.95,24
1950,97415.412,BUY,MARKET,,8
1951,97638.116,BUY,LIMIT,99.86,7
1952,97688.037,SELL,LIMIT,99.91,19
1953,97699.89,SELL,LIMIT,99.98,12
1954,97849.494,BUY,LIMIT,99.84,11
1955,97919.977,SELL,LIMIT,99.92,19
1956,97952.149,SELL,LIMIT,99.93,7
1957,97996.838,SELL,LIMIT,99.94,17
1958,98012.257,BUY,MARKET,,23
1959,98037.547,BUY,LIMIT,99.82,3
1960,98077.09,BUY,LIMIT,99.76,23
1961,98095.369,BUY,LIMIT,99.85,11
1962,98171.002,BUY,LIMIT,99.88,13
1963,98224.372,SELL,MARKET,,14
1964,98277.94,SELL,LIMIT,100.0,7
1965,98283.075,SELL,LIMIT,99.95,12
1966,98291.53,BUY,LIMIT,99.88,32
1967,98307.269,BUY,LIMIT,99.86,10
1968,98345.511,BUY,LIMIT,99.84,16
1969,98350.338,SELL,LIMIT,99.91,14
1970,98353.615,SELL,LIMIT,99.93,11
1971,98482.938,SELL,MARKET,,7
1972,98557.713,BUY,LIMIT,99.83,10
1973,98617.472,BUY,LIMIT,99.77,19
1974,98648.083,SELL,LIMIT,99.89,10
1975,98670.041,SELL,LIMIT,99.92,24
1976,98711.251,BUY,LIMIT,99.84,12
1977,98717.629,BUY,LIMIT,99.84,6
1978,98745.354,BUY,MARKET,,6
1979,98769.222,SELL,LIMIT,99.9,4
1980,98773.126,SELL,LIMIT,99.88,8
1981,98778.01,BUY,LIMIT,99.85,7
1982,98887.656,BUY,LIMIT,99.84,5
1983,98959.144,BUY,LIMIT,99.82,13
1984,98976.779,SELL,MARKET,,2
1985,98995.469,BUY,LIMIT,99.84,31
1986,99001.118,BUY,LIMIT,99.84,11
1987,99045.802,BUY,MARKET,,4
1988,99087.886,BUY,LIMIT,99.86,4
1989,99097.165,BUY,LIMIT,99.87,10
1990,99176.319,BUY,LIMIT,99.87,8
1991,99200.907,SELL,LIMIT,99.93,28
1992,99217.867,BUY,LIMIT,99.87,4
1993,99286.543,BUY,LIMIT,99.83,4
1994,99299.667,BUY,LIMIT,99.84,6
1995,99459.866,BUY,LIMIT,99.83,6
1996,99467.662,BUY,LIMIT,99.88,8
1997,99524.683,BUY,LIMIT,99.89,9
1998,99579.493,BUY,LIMIT,99.79,9
1999,99607.888,BUY,LIMIT,99.82,17
2000,99619.286,SELL,MARKET,,7
2001,99619.979,BUY,LIMIT,99.88,13
2002,99678.286,SELL,LIMIT,99.92,10
2003,99685.45,BUY,LIMIT,99.89,12
2004,99701.026,SELL,LIMIT,99.93,22
2005,99769.627,BUY,LIMIT,99.81,7
2006,99852.587,BUY,LIMIT,99.75,6
2007,99892.945,SELL,MARKET,,7
2008,99911.233,SELL,LIMIT,99.99,13
2009,99966.642,SELL,MARKET,,10
2010,99980.686,SELL,LIMIT,99.97,11
2011,100008.864,BUY,LIMIT,99.9,17
2012,100109.566,SELL,LIMIT,100.13,24
2013,100116.859,BUY,LIMIT,99.9,38
2014,100228.653,SELL,LIMIT,99.94,6
2015,100274.259,BUY,MARKET,,15
2016,100327.803,BUY,LIMIT,99.89,10
2017,100370.666,SELL,LIMIT,100.02,18
2018,100379.64,BUY,LIMIT,99.88,12
2019,100466.027,BUY,LIMIT,99.9,7
2020,100496.915,SELL,LIMIT,99.93,4
2021,100602.998,SELL,LIMIT,99.93,22
2022,100603.381,BUY,LIMIT,99.87,14
2023,100611.727,SELL,LIMIT,99.98,6
2024,100652.211,SELL,LIMIT,99.93,44
2025,100679.87,SELL,LIMIT,99.94,3
2026,100753.749,BUY,LIMIT,99.89,16
2027,100857.611,BUY,LIMIT,99.88,5
2028,100977.639,BUY,MARKET,,15
2029,100980.244,BUY,LIMIT,99.87,7
2030,100995.276,BUY,LIMIT,99.9,9
2031,101002.8,BUY,LIMIT,99.91,5
2032,101030.22,BUY,LIMIT,99.91,6
2033,101124.16,BUY,LIMIT,99.85,25
2034,101223.507,BUY,MARKET,,3
2035,101274.18,BUY,LIMIT,99.89,17
2036,101386.534,SELL,MARKET,,8
2037,101392.652,SELL,LIMIT,99.95,13
2038,101425.039,BUY,LIMIT,99.86,6
2039,101427.209,SELL,MARKET,,9
2040,101472.925,SELL,LIMIT,99.94,12
2041,101537.274,BUY,LIMIT,99.88,7
2042,101552.969,SELL,LIMIT,99.92,8
2043,101595.968,BUY,LIMIT,99.91,9
2044,101609.715,SELL,LIMIT,99.99,17
2045,101613.05,BUY,LIMIT,99.83,6
2046,101723.507,BUY,LIMIT,99.86,11
2047,101829.709,BUY,LIMIT,99.85,10
2048,101845.295,BUY,MARKET,,7
2049,101910.024,SELL,LIMIT,99.91,6
2050,101973.138,SELL,LIMIT,99.92,14
2051,102076.491,SELL,LIMIT,100.08,8
2052,102145.865,SELL,LIMIT,99.93,9
2053,102202.177,BUY,LIMIT,99.79,5
2054,102228.66,SELL,LIMIT,100.05,14
2055,102229.797,BUY,LIMIT,99.87,10
2056,102431.506,BUY,LIMIT,99.83,3
2057,102453.437,SELL,LIMIT,100.01,9
2058,102558.868,BUY,LIMIT,99.9,13
2059,102569.9,BUY,LIMIT,99.88,37
2060,102726.318,SELL,LIMIT,99.93,8
2061,102761.044,BUY,MARKET,,37
2062,102775.055,SELL,LIMIT,99.96,7
2063,102968.221,SELL,LIMIT,99.99,14
2064,103015.269,BUY,LIMIT,99.89,17
2065,103117.604,SELL,MARKET,,8
2066,103155.344,BUY,LIMIT,99.85,9
2067,103219.522,BUY,MARKET,,9
2068,103246.61,SELL,LIMIT,99.94,17
2069,103283.275,BUY,LIMIT,99.85,15
2070,103317.175,SELL,LIMIT,99.96,6
2071,103425.117,BUY,LIMIT,99.83,14
2072,103445.933,SELL,LIMIT,99.88,12
2073,103539.94,BUY,LIMIT,99.7,16
2074,103704.957,BUY,LIMIT,99.82,15
2075,103718.509,BUY,LIMIT,99.86,15
2076,103725.137,SELL,LIMIT,99.91,11
2077,103748.099,BUY,LIMIT,99.84,11
2078,103818.673,SELL,LIMIT,99.91,6
2079,103836.252,SELL,MARKET,,10
2080,103912.767,SELL,LIMIT,99.91,4
2081,103930.203,SELL,LIMIT,99.95,3
2082,104005.068,SELL,LIMIT,100.01,4
2083,104035.617,BUY,LIMIT,99.87,5
2084,104297.543,BUY,LIMIT,99.82,33
2085,104411.939,BUY,LIMIT,99.83,8
2086,104466.409,SELL,LIMIT,99.9,15
2087,104511.051,BUY,LIMIT,99.84,16
2088,104534.816,BUY,LIMIT,99.85,14
2089,104539.987,BUY,LIMIT,99.8,7
2090,104668.724,SELL,LIMIT,99.93,9
2091,104713.013,SELL,LIMIT,99.89,15
2092,104782.797,BUY,LIMIT,99.83,30
2093,104807.453,BUY,LIMIT,99.79,10
2094,104862.631,SELL,LIMIT,99.93,9
2095,104914.878,SELL,LIMIT,99.86,13
2096,104941.073,BUY,LIMIT,99.72,15
2097,104943.653,BUY,LIMIT,99.82,21
2098,104989.323,BUY,MARKET,,27
2099,105015.844,BUY,LIMIT,99.79,38
2100,105143.93,BUY,LIMIT,99.71,13
2101,105319.756,BUY,LIMIT,99.8,8
2102,105450.735,BUY,LIMIT,99.58,9
2103,105478.135,SELL,MARKET,,10
2104,105499.289,BUY,LIMIT,99.8,13
2105,105514.656,BUY,LIMIT,99.78,5
2106,105550.35,BUY,LIMIT,99.79,4
2107,105607.643,BUY,LIMIT,99.78,16
2108,105643.658,BUY,MARKET,,10
2109,105682.078,BUY,LIMIT,99.78,21
2110,105724.57,SELL,LIMIT,99.85,8
2111,105825.284,BUY,LIMIT,99.71,4
2112,105844.453,SELL,LIMIT,99.84,20
2113,105907.955,SELL,LIMIT,99.99,9
2114,105933.719,BUY,LIMIT,99.75,9
2115,105987.499,BUY,LIMIT,99.75,12
2116,106012.49,SELL,MARKET,,9
2117,106016.273,BUY,MARKET,,11
2118,106041.642,BUY,LIMIT,99.75,13
2119,106090.475,SELL,LIMIT,99.88,13
2120,106182.659,SELL,LIMIT,99.81,5
2121,106218.552,BUY,LIMIT,99.78,9
2122,106249.166,BUY,LIMIT,99.78,8
2123,106361.949,SELL,LIMIT,99.82,22
2124,106363.277,SELL,LIMIT,99.88,10
2125,106387.541,SELL,LIMIT,99.86,6
2126,106421.593,BUY,LIMIT,99.77,16
2127,106500.201,BUY,LIMIT,99.72,36
2128,106570.642,SELL,LIMIT,99.83,10
2129,106626.534,SELL,LIMIT,99.81,7
2130,106663.607,SELL,LIMIT,99.82,16
2131,106714.454,BUY,LIMIT,99.75,15
2132,106855.631,BUY,LIMIT,99.8,7
2133,106876.247,BUY,LIMIT,99.79,4
2134,106902.094,BUY,LIMIT,99.79,11
2135,106925.2,BUY,LIMIT,99.78,10
2136,106949.611,SELL,MARKET,,7
2137,107006.598,SELL,LIMIT,99.83,12
2138,107062.861,BUY,LIMIT,99.81,10
2139,107065.262,SELL,LIMIT,99.84,6
2140,107084.932,BUY,LIMIT,99.8,3
2141,107169.993,BUY,LIMIT,99.79,19
2142,107263.73,BUY,LIMIT,99.77,6
2143,107301.397,SELL,LIMIT,99.86,41
2144,107301.735,BUY,LIMIT,99.79,13
2145,107327.459,SELL,LIMIT,99.91,16
2146,107483.124,SELL,LIMIT,99.85,9
2147,107492.296,SELL,LIMIT,99.99,17
2148,107542.303,SELL,LIMIT,99.9,5
2149,107589.853,BUY,LIMIT,99.78,6
2150,107640.82,BUY,MARKET,,5
2151,107728.203,BUY,LIMIT,99.74,8
2152,107739.616,SELL,LIMIT,99.85,6
2153,107834.848,SELL,LIMIT,99.88,13
2154,107999.818,BUY,LIMIT,99.75,29
2155,108017.131,BUY,LIMIT,99.84,6
2156,108101.115,BUY,LIMIT,99.85,6
2157,108108.844,BUY,LIMIT,99.83,23
2158,108135.682,BUY,LIMIT,99.83,7
2159,108208.504,BUY,LIMIT,99.86,6
2160,108239.71,SELL,LIMIT,99.89,6
2161,108282.05,SELL,MARKET,,7
2162,108295.844,SELL,MARKET,,38
2163,108457.227,SELL,LIMIT,99.89,6
2164,108520.377,BUY,LIMIT,99.74,8
2165,108563.355,BUY,LIMIT,99.76,25
2166,108607.35,SELL,LIMIT,99.9,7
2167,108660.318,BUY,LIMIT,99.79,11
2168,108800.736,SELL,MARKET,,15
2169,108868.798,BUY,LIMIT,99.85,3
2170,108911.889,SELL,LIMIT,99.94,6
2171,108999.0,SELL,MARKET,,11
2172,109007.842,BUY,LIMIT,99.85,13
2173,109069.379,SELL,MARKET,,10
2174,109070.803,BUY,MARKET,,6
2175,109135.554,BUY,LIMIT,99.81,6
2176,109182.198,SELL,LIMIT,99.94,11
2177,109194.021,SELL,LIMIT,99.94,6
2178,109323.072,BUY,LIMIT,99.91,22
2179,109419.687,SELL,MARKET,,6
2180,109484.777,BUY,MARKET,,4
2181,109560.306,SELL,LIMIT,99.96,6
2182,109661.5,BUY,MARKET,,10
2183,109667.618,BUY,LIMIT,99.89,6
2184,109768.387,SELL,LIMIT,100.02,7
2185,109842.171,BUY,MARKET,,9
2186,109964.428,BUY,LIMIT,99.95,6
2187,110032.28,SELL,LIMIT,99.97,16
2188,110034.166,BUY,LIMIT,99.94,11
2189,110064.546,SELL,LIMIT,99.98,15
2190,110069.84,BUY,LIMIT,99.92,12
2191,110090.4,SELL,LIMIT,99.97,8
2192,110182.027,BUY,LIMIT,99.94,21
2193,110263.857,SELL,MARKET,,15
2194,110264.719,BUY,LIMIT,99.93,7
2195,110286.957,SELL,LIMIT,100.0,8
2196,110354.822,BUY,MARKET,,10
2197,110361.391,BUY,LIMIT,99.89,8
2198,110409.694,BUY,LIMIT,99.85,6
2199,110462.199,SELL,LIMIT,100.05,47
2200,110463.845,BUY,MARKET,,2
2201,110620.697,SELL,LIMIT,100.0,8
2202,110649.94,SELL,LIMIT,99.95,6
2203,110682.595,BUY,LIMIT,99.89,9
2204,110723.072,BUY,LIMIT,99.89,11
2205,110748.5,BUY,LIMIT,99.9,9
2206,110793.416,BUY,LIMIT,99.89,10
2207,110795.585,BUY,LIMIT,99.91,7
2208,110798.034,SELL,LIMIT,99.99,7
2209,110878.763,BUY,LIMIT,99.93,11
2210,110916.695,SELL,LIMIT,99.99,12
2211,110928.138,BUY,LIMIT,99.6,41
2212,110974.83,SELL,LIMIT,100.01,20
2213,110982.892,BUY,LIMIT,99.85,15
2214,110984.523,SELL,LIMIT,99.94,5
2215,111017.766,BUY,LIMIT,99.92,14
2216,111031.222,BUY,LIMIT,99.9,20
2217,111090.831,BUY,LIMIT,99.89,14
2218,111100.275,BUY,LIMIT,99.92,21
2219,111146.859,BUY,LIMIT,99.93,13
2220,111230.87,SELL,MARKET,,5
2221,111383.27,SELL,LIMIT,99.96,42
2222,111411.984,SELL,LIMIT,100.03,25
2223,111412.722,SELL,LIMIT,99.97,4
2224,111448.962,BUY,MARKET,,6
2225,111503.013,BUY,LIMIT,99.91,2
2226,111619.12,BUY,LIMIT,99.91,18
2227,111664.372,SELL,LIMIT,100.07,5
2228,111665.506,SELL,LIMIT,100.01,18
2229,111672.945,BUY,LIMIT,99.9,7
2230,111803.88,SELL,LIMIT,100.01,26
2231,111807.065,SELL,LIMIT,100.01,6
2232,111895.314,BUY,LIMIT,99.96,11
2233,111947.513,BUY,LIMIT,99.93,16
2234,111956.55,SELL,LIMIT,100.0,9
2235,111999.759,SELL,LIMIT,99.99,5
2236,112062.239,BUY,LIMIT,99.95,9
2237,112177.162,BUY,LIMIT,99.97,11
2238,112200.854,SELL,LIMIT,100.06,16
2239,112210.881,BUY,LIMIT,99.88,13
2240,112257.939,BUY,LIMIT,99.88,9
2241,112293.781,BUY,LIMIT,99.97,8
2242,112302.487,BUY,LIMIT,99.95,10
2243,112337.398,BUY,LIMIT,99.95,13
2244,112339.496,BUY,LIMIT,99.95,11
2245,112343.025,BUY,MARKET,,12
2246,112428.973,SELL,MARKET,,3
2247,112541.398,BUY,LIMIT,99.95,6
2248,112546.356,BUY,LIMIT,99.94,10
2249,112594.248,SELL,LIMIT,100.05,13
2250,112671.735,SELL,LIMIT,99.99,11
2251,112716.873,BUY,LIMIT,99.83,9
2252,112721.969,SELL,LIMIT,99.98,25
2253,112847.706,SELL,LIMIT,100.0,13
2254,112929.384,SELL,LIMIT,99.99,7
2255,112971.261,BUY,LIMIT,99.92,4
2256,112981.219,SELL,LIMIT,99.99,10
2257,113046.353,SELL,LIMIT,99.98,7
2258,113053.073,SELL,LIMIT,100.0,15
2259,113070.815,SELL,LIMIT,99.98,8
2260,113171.007,SELL,LIMIT,100.0,7
2261,113179.834,SELL,LIMIT,100.07,10
2262,113218.391,SELL,LIMIT,99.99,8
2263,113294.384,BUY,LIMIT,99.96,15
2264,113320.297,BUY,LIMIT,99.97,8
2265,113323.083,SELL,LIMIT,100.0,22
2266,113419.833,BUY,LIMIT,99.96,16
2267,113586.51,SELL,LIMIT,99.98,8
2268,113587.917,BUY,LIMIT,99.79,3
2269,113638.919,BUY,LIMIT,99.79,4
2270,113675.231,SELL,LIMIT,100.15,4
2271,113817.397,BUY,LIMIT,99.93,3
2272,113896.035,BUY,LIMIT,99.93,7
2273,113905.029,SELL,LIMIT,100.01,10
2274,113926.24,SELL,LIMIT,99.99,9
2275,114011.703,SELL,LIMIT,100.06,7
2276,114067.402,BUY,LIMIT,99.86,6
2277,114217.212,BUY,LIMIT,99.91,7
2278,114270.019,BUY,LIMIT,99.86,12
2279,114335.666,BUY,LIMIT,99.84,9
2280,114390.273,BUY,LIMIT,99.94,23
2281,114414.135,BUY,LIMIT,99.92,16
2282,114476.856,BUY,LIMIT,99.72,21
2283,114516.264,BUY,LIMIT,99.85,8
2284,114534.498,BUY,LIMIT,99.87,8
2285,114551.384,SELL,LIMIT,99.93,19
2286,114579.271,BUY,LIMIT,99.84,14
2287,114627.59,BUY,MARKET,,22
2288,114708.175,SELL,LIMIT,99.98,5
2289,114743.067,SELL,LIMIT,100.01,21
2290,114770.787,BUY,LIMIT,99.89,12
2291,114981.727,BUY,LIMIT,99.94,30
2292,114996.365,BUY,LIMIT,99.86,7
2293,115007.756,BUY,LIMIT,99.93,5
2294,115013.202,SELL,MARKET,,16
2295,115022.664,BUY,LIMIT,99.9,7
2296,115024.955,BUY,LIMIT,99.92,10
2297,115048.808,BUY,LIMIT,99.88,15
2298,115129.792,SELL,MARKET,,13
2299,115140.288,BUY,LIMIT,99.82,5
2300,115272.23,BUY,LIMIT,99.92,10
2301,115305.176,BUY,LIMIT,99.91,25
2302,115394.383,BUY,MARKET,,3
2303,115395.235,SELL,LIMIT,99.96,16
2304,115415.216,SELL,LIMIT,99.97,13
2305,115420.043,SELL,LIMIT,99.97,7
2306,115502.495,SELL,MARKET,,45
2307,115547.255,SELL,MARKET,,12
2308,115588.498,SELL,LIMIT,99.96,11
2309,115653.159,SELL,LIMIT,99.99,19
2310,115691.978,BUY,LIMIT,99.73,14
2311,115739.622,BUY,LIMIT,99.91,5
2312,115743.657,SELL,MARKET,,11
2313,115887.128,SELL,LIMIT,100.0,4
2314,115936.984,BUY,LIMIT,99.92,31
2315,116078.279,SELL,LIMIT,99.98,10
2316,116083.006,BUY,LIMIT,99.94,12
2317,116134.786,SELL,MARKET,,14
2318,116142.197,BUY,LIMIT,99.91,10
2319,116146.066,SELL,LIMIT,99.96,12
2320,116169.394,BUY,LIMIT,99.88,4
2321,116231.341,BUY,MARKET,,2
2322,116345.714,SELL,LIMIT,99.97,7
2323,116439.782,BUY,LIMIT,99.83,28
2324,116548.132,BUY,MARKET,,10
2325,116669.889,BUY,LIMIT,99.92,9
2326,116923.136,SELL,LIMIT,99.97,18
2327,116926.177,SELL,LIMIT,99.96,6
2328,116930.393,SELL,LIMIT,99.98,11
2329,116932.062,SELL,LIMIT,99.95,36
2330,116974.728,SELL,LIMIT,99.92,21
2331,117011.626,BUY,LIMIT,99.87,6
2332,117168.433,BUY,LIMIT,99.85,10
2333,117200.568,SELL,LIMIT,99.93,5
2334,117202.892,SELL,LIMIT,99.93,10
2335,117379.605,SELL,LIMIT,99.96,17
2336,117482.141,SELL,LIMIT,99.95,6
2337,117484.126,SELL,LIMIT,99.96,10
2338,117655.719,BUY,LIMIT,99.76,11
2339,117658.445,SELL,LIMIT,99.98,8
2340,117678.886,SELL,LIMIT,99.93,13
2341,117679.375,SELL,LIMIT,99.93,10
2342,117725.318,BUY,MARKET,,29
2343,117754.774,BUY,LIMIT,99.91,13
2344,117803.283,SELL,LIMIT,100.02,12
2345,117813.031,BUY,LIMIT,99.89,19
2346,117976.511,BUY,LIMIT,99.83,12
2347,117995.758,BUY,LIMIT,99.78,19
2348,118075.72,SELL,LIMIT,99.99,7
2349,118077.96,SELL,MARKET,,9
2350,118084.874,BUY,LIMIT,99.86,12
2351,118086.296,BUY,MARKET,,20
2352,118142.885,SELL,LIMIT,99.9,16
2353,118143.035,BUY,LIMIT,99.8,9
2354,118203.023,SELL,MARKET,,11
2355,118323.341,SELL,LIMIT,99.93,5
2356,118344.581,BUY,LIMIT,99.85,8
2357,118369.126,BUY,LIMIT,99.86,11
2358,118393.584,SELL,LIMIT,99.96,10
2359,118400.278,BUY,LIMIT,99.86,8
2360,118400.417,SELL,LIMIT,99.96,6
2361,118412.71,SELL,LIMIT,99.9,6
2362,118427.436,BUY,LIMIT,99.86,5
2363,118476.843,BUY,LIMIT,99.88,8
2364,118477.611,BUY,LIMIT,99.86,5
2365,118528.307,SELL,LIMIT,99.93,5
2366,118540.727,BUY,LIMIT,99.85,8
2367,118817.082,SELL,LIMIT,99.94,7
2368,118883.851,SELL,LIMIT,99.94,7
2369,118893.724,BUY,LIMIT,99.88,6
2370,119098.352,BUY,MARKET,,9
2371,119119.45,BUY,LIMIT,99.84,6
2372,119277.287,BUY,MARKET,,24
2373,119283.934,SELL,LIMIT,99.92,11
2374,119358.031,SELL,LIMIT,99.89,11
2375,119402.434,SELL,LIMIT,99.9,13
2376,119443.032,BUY,LIMIT,99.8,23
2377,119515.565,BUY,MARKET,,10
2378,119551.137,SELL,LIMIT,99.92,15
2379,119551.198,BUY,LIMIT,99.82,22
2380,119564.178,BUY,MARKET,,6
2381,119782.893,BUY,LIMIT,99.77,30
2382,119844.88,BUY,LIMIT,99.83,13
2383,119895.142,SELL,LIMIT,99.93,7
2384,119958.247,SELL,LIMIT,99.89,17
2385,120021.513,BUY,LIMIT,99.84,20
2386,120046.712,BUY,LIMIT,99.79,9
2387,120163.412,BUY,MARKET,,4
2388,120190.28,BUY,LIMIT,99.84,22
2389,120198.945,BUY,MARKET,,15
2390,120291.25,SELL,MARKET,,9
2391,120333.157,BUY,LIMIT,99.86,4
2392,120506.587,SELL,LIMIT,99.95,19
2393,120566.856,BUY,LIMIT,99.81,9
2394,120610.376,SELL,LIMIT,99.9,22
2395,120621.305,BUY,LIMIT,99.85,8
2396,120667.688,SELL,LIMIT,99.96,8
2397,120757.483,SELL,LIMIT,99.89,24
2398,120883.542,SELL,LIMIT,99.92,6
2399,120888.889,BUY,LIMIT,99.85,16
2400,121022.07,BUY,LIMIT,99.77,19
2401,121064.373,SELL,LIMIT,99.91,7
2402,121222.872,BUY,LIMIT,99.85,12
2403,121284.15,SELL,LIMIT,99.89,14
2404,121315.603,SELL,LIMIT,99.92,7
2405,121345.817,SELL,LIMIT,100.0,19
2406,121356.934,SELL,LIMIT,99.9,18
2407,121490.757,SELL,LIMIT,99.88,7
2408,121494.876,SELL,LIMIT,99.91,27
2409,121624.585,SELL,LIMIT,99.94,6
2410,121632.278,SELL,LIMIT,99.91,15
2411,121728.297,BUY,LIMIT,99.71,6
2412,121791.483,SELL,LIMIT,99.87,13
2413,121830.797,BUY,LIMIT,99.84,9
2414,121905.771,BUY,LIMIT,99.84,11
2415,121979.324,BUY,LIMIT,99.79,12
2416,122120.117,SELL,LIMIT,99.86,5
2417,122159.93,SELL,LIMIT,99.85,26
2418,122227.115,SELL,LIMIT,99.86,9
2419,122284.13,SELL,MARKET,,10
2420,122293.062,BUY,LIMIT,99.82,5
2421,122301.047,SELL,LIMIT,99.89,9
2422,122311.478,BUY,MARKET,,33
2423,122313.866,SELL,LIMIT,99.93,20
2424,122366.226,BUY,MARKET,,23
2425,122423.577,BUY,MARKET,,5
2426,122517.339,BUY,LIMIT,99.83,5
2427,122595.792,BUY,LIMIT,99.84,12
2428,122847.242,BUY,MARKET,,8
2429,122908.995,SELL,LIMIT,99.93,11
2430,122973.773,SELL,LIMIT,99.9,2
2431,123027.607,BUY,MARKET,,3
2432,123111.891,BUY,LIMIT,99.82,6
2433,123207.711,BUY,LIMIT,99.85,6
2434,123243.101,SELL,LIMIT,99.96,11
2435,123278.917,SELL,LIMIT,99.87,10
2436,123374.967,BUY,MARKET,,10
2437,123380.223,BUY,LIMIT,99.83,51
2438,123441.446,SELL,LIMIT,99.96,8
2439,123456.646,SELL,LIMIT,99.92,5
2440,123463.668,BUY,LIMIT,99.71,6
2441,123525.92,BUY,LIMIT,99.85,13
2442,123580.602,BUY,LIMIT,99.75,9
2443,123666.635,SELL,LIMIT,99.93,17
2444,123780.33,SELL,LIMIT,99.91,15
2445,123783.181,SELL,LIMIT,99.97,5
2446,123801.365,SELL,MARKET,,14
2447,123855.467,SELL,LIMIT,99.9,19
2448,123878.203,SELL,LIMIT,99.94,5
2449,123920.248,BUY,LIMIT,99.83,8
2450,123983.964,BUY,LIMIT,99.76,8
2451,123984.817,BUY,LIMIT,99.86,9
2452,124066.517,SELL,LIMIT,99.94,10
2453,124120.698,SELL,MARKET,,7
2454,124183.717,SELL,LIMIT,99.9,9
2455,124338.651,BUY,MARKET,,5
2456,124351.805,BUY,MARKET,,16
2457,124353.242,SELL,LIMIT,99.9,5
2458,124364.902,SELL,LIMIT,99.92,12
2459,124383.365,SELL,LIMIT,99.88,17
2460,124407.117,SELL,LIMIT,99.89,9
2461,124446.463,SELL,LIMIT,99.9,9
2462,124464.981,SELL,LIMIT,99.89,6
2463,124466.699,SELL,MARKET,,9
2464,124526.736,BUY,MARKET,,12
2465,124691.424,BUY,MARKET,,15
2466,124698.812,SELL,LIMIT,99.9,16
2467,124762.285,SELL,LIMIT,99.89,6
2468,124773.842,BUY,LIMIT,99.8,40
2469,124822.322,SELL,LIMIT,99.9,5
2470,124836.573,SELL,LIMIT,100.0,8
2471,124898.301,BUY,LIMIT,99.87,4
2472,124944.553,BUY,LIMIT,99.76,6
2473,124961.333,SELL,LIMIT,99.9,11
2474,125014.89,BUY,MARKET,,5
2475,125042.137,SELL,LIMIT,99.89,15
2476,125093.575,SELL,MARKET,,9
2477,125103.092,SELL,LIMIT,99.92,3
2478,125124.459,SELL,LIMIT,99.92,19
2479,125131.173,BUY,MARKET,,7
2480,125149.321,BUY,LIMIT,99.85,8
2481,125171.342,SELL,LIMIT,99.92,23
2482,125337.336,SELL,LIMIT,99.89,11
2483,125340.899,SELL,LIMIT,99.9,14
2484,125353.405,BUY,LIMIT,99.84,16
2485,125379.566,BUY,MARKET,,7
2486,125396.885,SELL,LIMIT,99.9,5
2487,125459.509,SELL,LIMIT,99.93,5
2488,125467.101,SELL,LIMIT,99.94,16
2489,125646.379,SELL,MARKET,,3
2490,125649.39,SELL,LIMIT,99.9,23
2491,125665.838,SELL,LIMIT,99.95,26
2492,125736.94,BUY,MARKET,,7
2493,125744.159,BUY,LIMIT,99.79,7
2494,125758.786,SELL,MARKET,,18
2495,125786.697,SELL,LIMIT,99.89,15
2496,125819.239,SELL,LIMIT,99.9,7
2497,125822.123,BUY,LIMIT,99.83,6
2498,125835.516,SELL,LIMIT,99.99,6
2499,125853.065,BUY,MARKET,,12
2500,125855.742,BUY,LIMIT,99.76,6
2501,125909.764,SELL,LIMIT,99.98,19
2502,125960.302,SELL,LIMIT,99.88,21
2503,126097.524,SELL,MARKET,,7
2504,126136.006,BUY,LIMIT,99.81,5
2505,126269.786,BUY,LIMIT,99.82,8
2506,126307.94,SELL,LIMIT,99.9,6
2507,126322.265,SELL,LIMIT,99.95,14
2508,126326.681,BUY,LIMIT,99.68,34
2509,126329.245,SELL,LIMIT,99.89,9
2510,126409.204,BUY,LIMIT,99.76,12
2511,126431.127,SELL,LIMIT,99.9,6
2512,126441.158,SELL,LIMIT,99.8,6
2513,126497.994,SELL,LIMIT,99.85,16
2514,126508.858,BUY,LIMIT,99.74,6
2515,126526.838,BUY,LIMIT,99.74,10
2516,126654.678,SELL,LIMIT,99.88,4
2517,126712.14,SELL,MARKET,,15
2518,126789.703,SELL,LIMIT,99.87,6
2519,126843.341,SELL,LIMIT,99.83,9
2520,126862.544,BUY,LIMIT,99.76,8
2521,126870.187,BUY,MARKET,,6
2522,126878.766,SELL,MARKET,,3
2523,127010.976,BUY,MARKET,,11
2524,127065.633,SELL,LIMIT,99.82,25
2525,127117.521,SELL,LIMIT,99.92,5
2526,127137.936,BUY,LIMIT,99.75,6
2527,127143.593,BUY,MARKET,,17
2528,127156.302,BUY,MARKET,,12
2529,127164.536,BUY,LIMIT,99.8,5
2530,127272.002,SELL,LIMIT,99.92,11
2531,127510.0,BUY,MARKET,,12
2532,127525.2,BUY,LIMIT,99.65,48
2533,127581.2,SELL,LIMIT,99.93,23
2534,127632.044,BUY,LIMIT,99.79,12
2535,127734.138,SELL,LIMIT,99.84,9
2536,127751.701,BUY,LIMIT,99.76,9
2537,127755.605,BUY,LIMIT,99.8,6
2538,127793.558,BUY,LIMIT,99.79,11
2539,127867.585,BUY,MARKET,,20
2540,127954.843,SELL,LIMIT,99.86,14
2541,127965.948,BUY,MARKET,,19
2542,127967.006,BUY,LIMIT,99.84,8
2543,127975.801,BUY,LIMIT,99.84,5
2544,127978.177,BUY,LIMIT,99.77,25
2545,127978.272,BUY,LIMIT,99.78,14
2546,128019.842,BUY,MARKET,,7
2547,128028.799,SELL,LIMIT,99.94,5
2548,128138.952,SELL,LIMIT,99.96,7
2549,128174.178,BUY,LIMIT,99.74,14
2550,128204.515,SELL,LIMIT,100.01,4
2551,128282.811,BUY,LIMIT,99.85,32
2552,128348.48,SELL,LIMIT,99.88,20
2553,128386.056,BUY,LIMIT,99.75,10
2554,128388.277,SELL,LIMIT,99.87,12
2555,128472.168,BUY,LIMIT,99.82,9
2556,128503.037,BUY,LIMIT,99.81,12
2557,128517.218,SELL,LIMIT,99.89,23
2558,128577.667,SELL,LIMIT,99.93,12
2559,128624.957,BUY,MARKET,,9
2560,128660.343,BUY,LIMIT,99.84,7
2561,128710.937,SELL,LIMIT,99.96,12
2562,128740.381,SELL,MARKET,,12
2563,128963.489,BUY,LIMIT,99.84,9
2564,128963.682,SELL,LIMIT,99.94,7
2565,129011.774,SELL,LIMIT,99.9,10
2566,129092.744,SELL,MARKET,,9
2567,129123.399,SELL,LIMIT,99.97,11
2568,129418.052,BUY,LIMIT,99.89,14
2569,129469.136,SELL,LIMIT,99.94,5
2570,129494.404,BUY,MARKET,,11
2571,129584.061,BUY,LIMIT,99.91,25
2572,129594.594,BUY,LIMIT,99.91,21
2573,129642.823,SELL,LIMIT,100.02,5
2574,129643.557,SELL,LIMIT,99.95,4
2575,129707.242,SELL,MARKET,,8
2576,129828.288,SELL,LIMIT,99.99,14
2577,129857.125,SELL,LIMIT,99.99,10
2578,129920.954,BUY,LIMIT,99.93,6
2579,129979.181,BUY,LIMIT,99.91,19
2580,130025.178,SELL,LIMIT,99.97,29
2581,130157.52,SELL,LIMIT,100.05,6
2582,130164.256,SELL,LIMIT,99.96,10
2583,130191.966,BUY,LIMIT,99.91,12
2584,130204.099,SELL,LIMIT,99.94,10
2585,130228.715,SELL,LIMIT,99.95,13
2586,130248.461,BUY,LIMIT,99.9,10
2587,130255.838,SELL,LIMIT,99.93,7
2588,130402.246,BUY,LIMIT,99.86,3
2589,130409.973,SELL,LIMIT,99.99,11
2590,130424.117,SELL,LIMIT,99.95,8
2591,130479.337,SELL,MARKET,,5
2592,130512.931,BUY,LIMIT,99.91,25
2593,130563.562,SELL,LIMIT,99.94,9
2594,130576.651,BUY,LIMIT,99.91,9
2595,130644.653,SELL,MARKET,,17
2596,130666.688,SELL,LIMIT,99.95,17
2597,130686.964,BUY,LIMIT,99.92,7
2598,130764.408,BUY,LIMIT,99.89,9
2599,130796.572,BUY,LIMIT,99.9,8
2600,130835.759,BUY,LIMIT,99.89,4
2601,130854.563,SELL,LIMIT,99.95,15
2602,130874.396,SELL,LIMIT,99.98,4
2603,130973.959,SELL,LIMIT,99.92,7
2604,130978.545,SELL,LIMIT,100.02,12
2605,131113.062,BUY,LIMIT,99.88,12
2606,131222.82,SELL,LIMIT,100.02,3
2607,131266.894,BUY,MARKET,,11
2608,131299.561,BUY,LIMIT,99.89,3
2609,131338.42,SELL,LIMIT,99.92,7
2610,131477.357,SELL,LIMIT,100.04,25
2611,131507.965,SELL,LIMIT,100.02,6
2612,131541.66,SELL,LIMIT,99.94,10
2613,131586.525,BUY,MARKET,,16
2614,131625.223,BUY,LIMIT,99.91,11
2615,131744.144,BUY,LIMIT,99.82,17
2616,131867.934,SELL,LIMIT,100.0,15
2617,131902.227,BUY,LIMIT,99.92,10
2618,131966.98,BUY,LIMIT,99.92,10
2619,131983.066,BUY,LIMIT,99.94,24
2620,132083.736,BUY,LIMIT,99.93,11
2621,132091.733,SELL,LIMIT,100.01,3
2622,132096.418,SELL,LIMIT,100.02,17
2623,132103.182,BUY,LIMIT,99.97,14
2624,132107.341,BUY,LIMIT,99.8,6
2625,132126.269,BUY,LIMIT,99.95,4
2626,132213.805,BUY,LIMIT,99.91,5
2627,132319.536,BUY,LIMIT,99.96,5
2628,132379.263,SELL,LIMIT,100.04,5
2629,132391.496,SELL,LIMIT,99.99,5
2630,132452.419,SELL,LIMIT,100.14,9
2631,132608.175,BUY,MARKET,,8
2632,132631.721,SELL,LIMIT,100.01,14
2633,132655.609,SELL,LIMIT,100.02,28
2634,132776.573,SELL,LIMIT,99.99,4
2635,133063.313,SELL,LIMIT,100.01,7
2636,133067.602,SELL,LIMIT,100.07,12
2637,133179.489,SELL,LIMIT,100.02,18
2638,133282.351,SELL,LIMIT,100.03,11
2639,133478.276,SELL,MARKET,,9
2640,133613.899,BUY,LIMIT,99.98,8
2641,133684.219,SELL,LIMIT,100.1,12
2642,133686.516,SELL,LIMIT,100.05,15
2643,133686.696,BUY,LIMIT,99.92,6
2644,133716.985,SELL,LIMIT,100.0,16
2645,133806.006,SELL,MARKET,,10
2646,133915.588,SELL,LIMIT,100.1,8
2647,133950.634,BUY,LIMIT,99.96,9
2648,133972.882,BUY,LIMIT,99.96,7
2649,133973.583,BUY,LIMIT,99.96,20
2650,134009.522,SELL,LIMIT,99.99,6
2651,134024.882,BUY,LIMIT,99.96,7
2652,134026.656,SELL,LIMIT,99.99,7
2653,134027.65,SELL,LIMIT,100.07,6
2654,134036.341,BUY,LIMIT,99.94,4
2655,134084.213,BUY,MARKET,,11
2656,134108.91,SELL,LIMIT,99.99,4
2657,134126.64,BUY,LIMIT,99.95,31
2658,134138.679,BUY,MARKET,,6
2659,134166.927,SELL,LIMIT,100.01,5
2660,134226.211,BUY,LIMIT,99.96,15
2661,134338.08,BUY,MARKET,,8
2662,134377.31,BUY,LIMIT,99.93,8
2663,134411.463,SELL,LIMIT,99.99,6
2664,134421.969,BUY,LIMIT,99.95,6
2665,134505.8,BUY,LIMIT,99.93,5
2666,134513.489,BUY,LIMIT,99.93,37
2667,134529.868,BUY,LIMIT,99.94,25
2668,134530.183,SELL,LIMIT,99.96,15
2669,134607.393,BUY,LIMIT,99.93,9
2670,134617.382,SELL,LIMIT,99.95,18
2671,134635.581,SELL,LIMIT,99.98,4
2672,134647.256,SELL,LIMIT,99.96,10
2673,134678.588,SELL,LIMIT,99.96,7
2674,134684.524,BUY,MARKET,,11
2675,134839.671,BUY,LIMIT,99.91,22
2676,134920.73,SELL,LIMIT,99.97,12
2677,134951.874,BUY,LIMIT,99.91,10
2678,135021.029,BUY,LIMIT,99.92,5
2679,135114.69,BUY,LIMIT,99.91,7
2680,135186.906,BUY,LIMIT,99.79,22
2681,135263.86,SELL,LIMIT,99.95,9
2682,135274.241,BUY,LIMIT,99.68,3
2683,135332.21,BUY,LIMIT,99.92,2
2684,135403.851,BUY,MARKET,,11
2685,135482.67,SELL,LIMIT,99.98,11
2686,135524.652,BUY,LIMIT,99.9,13
2687,135532.911,BUY,LIMIT,99.91,8
2688,135588.84,SELL,LIMIT,99.97,8
2689,135654.875,BUY,LIMIT,99.84,11
2690,135669.797,BUY,MARKET,,27
2691,135727.444,SELL,MARKET,,6
2692,135767.962,SELL,LIMIT,99.92,15
2693,135776.092,BUY,LIMIT,99.83,12
2694,135787.466,BUY,LIMIT,99.88,9
2695,135830.22,SELL,LIMIT,100.0,7
2696,135859.356,BUY,MARKET,,11
2697,135910.992,BUY,LIMIT,99.87,4
2698,136037.686,BUY,LIMIT,99.88,5
2699,136072.423,SELL,LIMIT,99.93,6
2700,136194.368,BUY,LIMIT,99.91,20
2701,136224.665,SELL,MARKET,,11
2702,136285.067,BUY,LIMIT,99.78,19
2703,136468.624,BUY,LIMIT,99.81,4
2704,136471.763,BUY,LIMIT,99.88,9
2705,136478.599,BUY,LIMIT,99.88,25
2706,136488.265,SELL,MARKET,,15
2707,136507.924,SELL,LIMIT,99.95,20
2708,136517.707,SELL,LIMIT,99.89,12
2709,136687.358,BUY,LIMIT,99.86,10
2710,136736.522,SELL,LIMIT,99.87,5
2711,136763.919,SELL,LIMIT,99.87,8
2712,136820.795,SELL,LIMIT,99.88,10
2713,136845.673,SELL,LIMIT,99.98,17
2714,136849.657,SELL,LIMIT,99.9,11
2715,136942.651,SELL,LIMIT,99.96,15
2716,136993.611,BUY,MARKET,,10
2717,137026.632,BUY,MARKET,,8
2718,137038.385,SELL,LIMIT,99.96,18
2719,137185.708,BUY,LIMIT,99.81,24
2720,137255.265,SELL,LIMIT,99.92,4
2721,137313.979,SELL,LIMIT,99.87,3
2722,137361.375,BUY,LIMIT,99.86,6
2723,137458.682,BUY,LIMIT,99.85,11
2724,137562.427,BUY,LIMIT,99.83,3
2725,137600.911,SELL,LIMIT,99.93,8
2726,137606.221,BUY,MARKET,,17
2727,137617.134,SELL,MARKET,,14
2728,137618.621,SELL,MARKET,,6
2729,137632.324,BUY,LIMIT,99.82,10
2730,137635.336,BUY,LIMIT,99.85,12
2731,137680.188,BUY,MARKET,,3
2732,137714.485,SELL,LIMIT,99.89,16
2733,137934.372,BUY,LIMIT,99.83,11
2734,138125.624,SELL,LIMIT,99.96,12
2735,138284.373,BUY,LIMIT,99.84,5
2736,138293.477,SELL,LIMIT,99.86,5
2737,138364.927,BUY,LIMIT,99.74,12
2738,138412.727,BUY,MARKET,,5
2739,138483.702,SELL,LIMIT,99.91,6
2740,138504.391,BUY,LIMIT,99.84,12
2741,138567.386,SELL,LIMIT,100.02,3
2742,138579.38,BUY,LIMIT,99.8,9
2743,138829.769,SELL,LIMIT,99.95,5
2744,138830.775,SELL,LIMIT,99.9,8
2745,138844.887,SELL,LIMIT,100.01,9
2746,138852.731,BUY,LIMIT,99.87,10
2747,138928.841,BUY,LIMIT,99.83,25
2748,138971.965,SELL,LIMIT,99.89,18
2749,139054.868,BUY,LIMIT,99.87,6
2750,139058.565,SELL,LIMIT,99.95,6
2751,139071.704,SELL,LIMIT,99.94,5
2752,139157.495,SELL,LIMIT,99.94,14
2753,139192.712,SELL,LIMIT,99.93,9
2754,139212.065,BUY,MARKET,,19
2755,139217.249,SELL,LIMIT,99.95,5
2756,139225.656,BUY,LIMIT,99.86,9
2757,139249.829,SELL,LIMIT,99.95,16
2758,139280.877,BUY,LIMIT,99.88,19
2759,139303.321,SELL,LIMIT,99.95,9
2760,139315.521,SELL,LIMIT,99.94,7
2761,139407.318,SELL,LIMIT,99.97,9
2762,139416.801,SELL,LIMIT,99.95,5
2763,139457.285,SELL,LIMIT,99.96,9
2764,139486.753,BUY,MARKET,,5
2765,139613.572,SELL,LIMIT,99.95,9
2766,139645.807,SELL,LIMIT,99.97,19
2767,139783.349,BUY,LIMIT,99.87,36
2768,139798.385,BUY,LIMIT,99.8,11
2769,139809.543,BUY,LIMIT,99.9,19
2770,139824.421,SELL,LIMIT,99.96,7
2771,139891.153,SELL,LIMIT,99.93,6
2772,139895.158,BUY,LIMIT,99.85,2
2773,139927.553,SELL,LIMIT,99.94,13
2774,139988.79,BUY,LIMIT,99.91,4
2775,140011.97,SELL,LIMIT,100.06,6
2776,140087.549,SELL,MARKET,,6
2777,140130.583,BUY,LIMIT,99.78,15
2778,140244.962,SELL,LIMIT,100.08,6
2779,140279.167,BUY,LIMIT,99.89,4
2780,140388.212,BUY,LIMIT,99.88,22
2781,140463.586,BUY,LIMIT,99.87,7
2782,140553.716,SELL,LIMIT,99.9,7
2783,140636.318,SELL,LIMIT,99.9,5
2784,140675.137,BUY,LIMIT,99.81,8
2785,140781.558,SELL,MARKET,,15
2786,140794.294,BUY,LIMIT,99.84,10
2787,140906.892,SELL,LIMIT,99.91,4
2788,140991.834,BUY,LIMIT,99.79,9
2789,141078.716,BUY,LIMIT,99.83,4
2790,141122.857,SELL,LIMIT,99.87,11
2791,141122.996,SELL,LIMIT,99.91,13
2792,141283.729,BUY,LIMIT,99.85,17
2793,141285.385,BUY,LIMIT,99.85,7
2794,141443.185,SELL,MARKET,,6
2795,141495.959,SELL,LIMIT,99.86,16
2796,141722.884,SELL,LIMIT,99.9,16
2797,141805.537,BUY,LIMIT,99.79,8
2798,141931.286,SELL,MARKET,,13
2799,142362.754,BUY,MARKET,,19
2800,142378.505,BUY,LIMIT,99.81,12
2801,142482.304,BUY,LIMIT,99.82,6
2802,142493.342,SELL,LIMIT,99.85,7
2803,142594.199,BUY,LIMIT,99.74,9
2804,142607.207,SELL,LIMIT,99.87,7
2805,142662.305,SELL,LIMIT,99.85,20
2806,142692.067,BUY,MARKET,,11
2807,142759.773,SELL,LIMIT,99.86,5
2808,142772.859,SELL,MARKET,,6
2809,142846.756,BUY,LIMIT,99.79,10
2810,142897.522,SELL,LIMIT,99.85,13
2811,142904.559,BUY,LIMIT,99.81,16
2812,143038.803,BUY,LIMIT,99.78,20
2813,143077.928,BUY,LIMIT,99.79,15
2814,143089.648,BUY,LIMIT,99.65,9
2815,143192.672,BUY,LIMIT,99.76,7
2816,143269.386,BUY,LIMIT,99.79,20
2817,143298.132,SELL,MARKET,,10
2818,143304.827,BUY,LIMIT,99.73,28
2819,143324.028,BUY,LIMIT,99.82,11
2820,143425.876,BUY,LIMIT,99.81,7
2821,143650.724,BUY,LIMIT,99.82,12
2822,143796.444,BUY,LIMIT,99.82,6
2823,143841.517,BUY,LIMIT,99.8,5
2824,143870.811,SELL,LIMIT,99.86,17
2825,143962.173,SELL,LIMIT,99.85,10
2826,143964.18,BUY,LIMIT,99.84,19
2827,143978.272,BUY,LIMIT,99.85,14
2828,143979.347,BUY,LIMIT,99.81,8
2829,143985.224,SELL,LIMIT,99.88,9
2830,144022.522,BUY,MARKET,,7
2831,144033.672,BUY,LIMIT,99.84,6
2832,144039.573,BUY,LIMIT,99.87,20
2833,144054.559,BUY,LIMIT,99.87,9
2834,144139.508,BUY,LIMIT,99.85,13
2835,144161.979,BUY,LIMIT,99.83,21
2836,144171.906,SELL,LIMIT,99.94,8
2837,144177.179,SELL,MARKET,,13
2838,144186.642,BUY,MARKET,,5
2839,144216.108,SELL,MARKET,,10
2840,144237.291,SELL,LIMIT,99.92,9
2841,144279.521,BUY,LIMIT,99.86,12
2842,144303.302,BUY,LIMIT,99.85,7
2843,144314.326,SELL,MARKET,,11
2844,144418.057,SELL,LIMIT,100.02,6
2845,144434.38,BUY,LIMIT,99.89,17
2846,144438.422,SELL,MARKET,,10
2847,144464.851,SELL,LIMIT,99.93,18
2848,144476.782,SELL,LIMIT,99.9,21
2849,144503.644,SELL,MARKET,,3
2850,144619.442,BUY,LIMIT,99.88,15
2851,144704.212,BUY,LIMIT,99.9,9
2852,144747.215,BUY,LIMIT,99.88,4
2853,144839.239,SELL,MARKET,,22
2854,144909.137,BUY,LIMIT,99.89,15
2855,145032.302,BUY,LIMIT,99.87,16
2856,145033.427,SELL,LIMIT,99.99,7
2857,145059.836,SELL,LIMIT,99.96,21
2858,145133.558,SELL,LIMIT,99.94,6
2859,145221.123,SELL,LIMIT,99.95,4
2860,145230.389,SELL,LIMIT,99.92,25
2861,145323.234,SELL,LIMIT,99.93,5
2862,145338.449,SELL,LIMIT,99.99,11
2863,145402.688,SELL,LIMIT,99.93,19
2864,145566.404,SELL,LIMIT,99.98,14
2865,145601.966,BUY,LIMIT,99.87,10
2866,145608.358,SELL,LIMIT,100.04,34
2867,145621.646,SELL,LIMIT,100.0,12
2868,145640.052,BUY,LIMIT,99.87,13
2869,145694.713,BUY,LIMIT,99.86,5
2870,145769.316,SELL,LIMIT,100.09,11
2871,145790.09,SELL,LIMIT,99.9,19
2872,145831.299,SELL,LIMIT,99.9,33
2873,145898.726,BUY,LIMIT,99.85,20
2874,145922.379,SELL,LIMIT,99.94,6
2875,145965.742,BUY,MARKET,,12
2876,146039.75,BUY,LIMIT,99.86,11
2877,146089.572,SELL,LIMIT,99.91,10
2878,146126.02,BUY,LIMIT,99.88,11
2879,146152.794,SELL,LIMIT,99.98,5
2880,146196.104,BUY,LIMIT,99.87,8
2881,146234.913,BUY,LIMIT,99.81,9
2882,146315.337,SELL,MARKET,,11
2883,146407.177,BUY,LIMIT,99.84,8
2884,146514.184,SELL,LIMIT,99.96,7
2885,146565.535,SELL,LIMIT,99.9,6
2886,146670.275,SELL,LIMIT,99.92,6
2887,146670.725,SELL,LIMIT,99.91,30
2888,146685.104,SELL,MARKET,,18
2889,146708.639,SELL,MARKET,,6
2890,146736.3,BUY,LIMIT,99.8,38
2891,146752.613,BUY,LIMIT,99.78,10
2892,146774.328,SELL,LIMIT,99.89,9
2893,146785.335,BUY,LIMIT,99.84,22
2894,146834.367,SELL,LIMIT,99.87,8
2895,146919.17,BUY,MARKET,,5
2896,146965.592,BUY,LIMIT,99.84,11
2897,146992.567,SELL,LIMIT,99.9,9
2898,147013.704,BUY,LIMIT,99.8,31
2899,147027.951,SELL,LIMIT,99.89,11
2900,147057.929,SELL,LIMIT,99.88,8
2901,147095.171,SELL,LIMIT,99.91,6
2902,147132.697,BUY,LIMIT,99.82,5
2903,147185.528,SELL,LIMIT,99.85,16
2904,147189.014,SELL,LIMIT,99.9,17
2905,147201.291,BUY,LIMIT,99.77,10
2906,147251.762,SELL,MARKET,,12
2907,147303.463,SELL,LIMIT,99.91,18
2908,147321.073,SELL,LIMIT,99.89,5
2909,147334.371,BUY,MARKET,,3
2910,147339.767,SELL,MARKET,,21
2911,147519.959,BUY,LIMIT,99.78,9
2912,147520.175,SELL,LIMIT,99.97,9
2913,147525.471,SELL,LIMIT,100.02,33
2914,147599.226,BUY,LIMIT,99.8,8
2915,147661.262,BUY,LIMIT,99.82,10
2916,147756.258,BUY,MARKET,,10
2917,147765.548,SELL,MARKET,,7
2918,147837.279,BUY,MARKET,,6
2919,147927.62,BUY,LIMIT,99.82,6
2920,147938.149,BUY,LIMIT,99.78,3
2921,147955.035,BUY,LIMIT,99.83,13
2922,148029.5,BUY,LIMIT,99.77,14
2923,148048.882,BUY,LIMIT,99.83,11
2924,148064.48,BUY,LIMIT,99.86,21
2925,148086.329,SELL,LIMIT,99.92,34
2926,148105.683,SELL,LIMIT,99.93,14
2927,148119.992,BUY,LIMIT,99.87,10
2928,148122.588,BUY,LIMIT,99.8,14
2929,148141.268,SELL,LIMIT,100.08,13
2930,148145.515,BUY,LIMIT,99.83,9
2931,148285.996,BUY,LIMIT,99.86,21
2932,148343.675,BUY,LIMIT,99.84,4
2933,148352.241,SELL,MARKET,,18
2934,148380.994,BUY,LIMIT,99.83,8
2935,148392.156,SELL,LIMIT,99.96,10
2936,148394.901,SELL,LIMIT,99.92,29
2937,148638.883,BUY,MARKET,,12
2938,148698.964,SELL,LIMIT,99.88,5
2939,148704.246,SELL,LIMIT,99.91,4
2940,148718.032,BUY,MARKET,,12
2941,148975.484,BUY,MARKET,,6
2942,149007.264,SELL,LIMIT,99.9,14
2943,149072.07,BUY,LIMIT,99.84,12
2944,149123.232,BUY,LIMIT,99.87,9
2945,149171.295,BUY,LIMIT,99.85,9
2946,149232.017,SELL,LIMIT,99.9,6
2947,149249.937,SELL,LIMIT,99.91,9
2948,149274.509,BUY,LIMIT,99.8,9
2949,149299.702,BUY,LIMIT,99.86,11
2950,149351.764,SELL,LIMIT,99.91,11
2951,149363.954,BUY,LIMIT,99.85,20
2952,149371.679,BUY,LIMIT,99.83,23
2953,149402.495,SELL,LIMIT,99.87,24
2954,149489.466,BUY,MARKET,,15
2955,149496.605,SELL,LIMIT,99.97,7
2956,149546.34,BUY,LIMIT,99.78,19
2957,149563.135,BUY,LIMIT,99.83,17
2958,149584.51,BUY,LIMIT,99.76,7
2959,149780.996,BUY,LIMIT,99.78,5
2960,149815.16,SELL,LIMIT,99.85,14
2961,149842.397,SELL,LIMIT,99.83,4
2962,149893.527,SELL,LIMIT,99.86,6
2963,150151.938,SELL,MARKET,,8
2964,150152.157,BUY,LIMIT,99.78,4
2965,150157.086,BUY,LIMIT,99.8,8
2966,150171.158,SELL,LIMIT,99.85,15
2967,150176.263,SELL,LIMIT,100.02,10
2968,150240.393,BUY,LIMIT,99.72,13
2969,150268.915,SELL,LIMIT,99.87,6
2970,150377.132,BUY,LIMIT,99.82,12
2971,150432.649,SELL,LIMIT,99.85,12
2972,150442.923,SELL,LIMIT,99.9,6
2973,150539.66,BUY,LIMIT,99.83,12
2974,150553.507,BUY,LIMIT,99.79,9
2975,150560.658,SELL,LIMIT,99.84,5
2976,150645.157,SELL,LIMIT,99.92,12
2977,150674.085,BUY,LIMIT,99.79,8
2978,150681.432,BUY,MARKET,,3
2979,150691.062,SELL,MARKET,,26
2980,150694.723,BUY,LIMIT,99.83,13
2981,150714.086,SELL,LIMIT,99.88,5
2982,150837.246,SELL,LIMIT,99.88,12
2983,150997.443,BUY,MARKET,,8
2984,151072.942,SELL,LIMIT,99.84,7
2985,151181.829,BUY,LIMIT,99.78,7
2986,151311.685,BUY,LIMIT,99.79,3
2987,151332.088,BUY,LIMIT,99.74,6
2988,151397.172,SELL,LIMIT,99.82,5
2989,151498.626,SELL,LIMIT,99.83,9
2990,151628.813,SELL,LIMIT,99.82,5
2991,151829.994,SELL,LIMIT,99.89,7
2992,151848.915,BUY,MARKET,,16
2993,151882.037,SELL,LIMIT,99.86,3
2994,151943.257,BUY,LIMIT,99.78,8
2995,152044.043,BUY,MARKET,,5
2996,152061.634,BUY,LIMIT,99.66,7
2997,152068.641,BUY,LIMIT,99.7,8
2998,152203.634,SELL,MARKET,,13
2999,152233.565,BUY,MARKET,,5
3000,152271.429,SELL,LIMIT,99.88,8
